[{
	"DraftUUID": "8cdcd400-8ed0-1ee7-8dad-99dd3f6fad44",
	"DocumentInfoRecordDocType": "LC2",
	"DocumentInfoRecordDocNumber": "",
	"DocumentInfoRecordDocVersion": "",
	"DocumentInfoRecordDocPart": "",
	"DocumentDescription": "njnj.txt",
	"CreatedByuser": "",
	"CreationDateTime": null,
	"DocInfoRecdIsMarkedForDeletion": false,
	"IsDocInfoRecdCreatedFromCAD": false,
	"IsDocInfoRecdStructure": false,
	"InternalDocumentStatus": "",
	"AuthorizationGroup": "",
	"LastChangedByUser": "",
	"ChangedDateTime": null,
	"LaboratoryOrDesignOffice": "",
	"DocInfoRecdSourceDocNumber": "",
	"DocInfoRecdSourceDocVersion": "",
	"DocInfoRecdSourceDocPart": ""
}]
