{
	"Documenttype": "111",
	"Documentnumber": "",
	"Documentpart": "",
	"Documentversion": "",
	"ApplicationId": "8CDCD4008ED01EE78DAD9A8B729A6D44",
	"FileId": "8CDCD4008ED01EE78DAD9A8B729AAD44",
	"Wsapplication": "TXT",
	"MarkForDeletion": false,
	"Filesize": "000000000004",
	"Filename": "njnj (1).txt",
	"ContentSource": "",
	"ContentType": "text/plain",
	"Content": "",
	"CreatedBy": "GUPTAPAN",
	"FirstName": "",
	"LastName": "",
	"FullName": "Pankaj Gupta",
	"Department": "",
	"CreatedAt": "\/Date(1494412720000)\/",
	"Storagecategory": "",
	"ActionRename": "",
	"ActionDelete": "",
	"ActionAdd": "",
	"UxFCRename": 1,
	"UxFCDelete": 1,
	"UxFCAdd": 1,
	"AttachmentStatus": "DRAFT",
	"CheckedInStatus": true,
	"ChangedAt": null,
	"ChangedBy": "",
	"ChangedByFullName": "",
	"Source": "DMS"
}
