{
  "modules" : [
    {
      "name" : "sap/se/mi/plm/lib/attachmentservice/attachment/Component.js",
      "description" : "Copyright (C) 2009-2019 SAP SE or an SAP affiliate company. All rights reserved.",
      "size" : 4564,
      "compressedSize" : 3185,
      "required" : ["sap/ui/core/UIComponent.js", "ui5loader-autoconfig.js"],
      "includes" : []
    },
    {
      "name" : "sap/se/mi/plm/lib/attachmentservice/attachment/components/fscomponent/Component.js",
      "description" : "Copyright (C) 2009-2019 SAP SE or an SAP affiliate company. All rights reserved.",
      "size" : 568,
      "compressedSize" : 462,
      "required" : ["sap/se/mi/plm/lib/attachmentservice/attachment/Component.js", "ui5loader-autoconfig.js"],
      "includes" : []
    },
    {
      "name" : "sap/se/mi/plm/lib/attachmentservice/attachment/components/fscomponent/manifest.json",
      "size" : 2040,
      "required" : [],
      "includes" : []
    },
    {
      "name" : "sap/se/mi/plm/lib/attachmentservice/attachment/components/stcomponent/Component.js",
      "description" : "Copyright (C) 2009-2019 SAP SE or an SAP affiliate company. All rights reserved.",
      "size" : 5661,
      "compressedSize" : 3244,
      "required" : ["sap/suite/ui/generic/template/extensionAPI/ReuseComponentSupport.js", "sap/ui/core/UIComponent.js", "ui5loader-autoconfig.js"],
      "includes" : []
    },
    {
      "name" : "sap/se/mi/plm/lib/attachmentservice/attachment/components/stcomponent/manifest.json",
      "size" : 2040,
      "required" : [],
      "includes" : []
    },
    {
      "name" : "sap/se/mi/plm/lib/attachmentservice/attachment/fragment/checkInActionSheet.fragment.xml",
      "size" : 515,
      "required" : ["sap/m/ActionSheet.js", "sap/m/Button.js", "sap/ui/core/Fragment.js"],
      "includes" : []
    },
    {
      "name" : "sap/se/mi/plm/lib/attachmentservice/attachment/fragment/grouping.fragment.xml",
      "size" : 1627,
      "required" : ["sap/m/ViewSettingsDialog.js", "sap/m/ViewSettingsFilterItem.js", "sap/m/ViewSettingsItem.js", "sap/ui/core/Fragment.js"],
      "includes" : []
    },
    {
      "name" : "sap/se/mi/plm/lib/attachmentservice/attachment/i18n/i18n.properties",
      "size" : 4594,
      "required" : [],
      "includes" : []
    },
    {
      "name" : "sap/se/mi/plm/lib/attachmentservice/attachment/i18n/i18n_ar.properties",
      "size" : 8704,
      "required" : [],
      "includes" : []
    },
    {
      "name" : "sap/se/mi/plm/lib/attachmentservice/attachment/i18n/i18n_bg.properties",
      "size" : 9474,
      "required" : [],
      "includes" : []
    },
    {
      "name" : "sap/se/mi/plm/lib/attachmentservice/attachment/i18n/i18n_ca.properties",
      "size" : 4698,
      "required" : [],
      "includes" : []
    },
    {
      "name" : "sap/se/mi/plm/lib/attachmentservice/attachment/i18n/i18n_cs.properties",
      "size" : 5088,
      "required" : [],
      "includes" : []
    },
    {
      "name" : "sap/se/mi/plm/lib/attachmentservice/attachment/i18n/i18n_da.properties",
      "size" : 4516,
      "required" : [],
      "includes" : []
    },
    {
      "name" : "sap/se/mi/plm/lib/attachmentservice/attachment/i18n/i18n_de.properties",
      "size" : 4632,
      "required" : [],
      "includes" : []
    },
    {
      "name" : "sap/se/mi/plm/lib/attachmentservice/attachment/i18n/i18n_el.properties",
      "size" : 9305,
      "required" : [],
      "includes" : []
    },
    {
      "name" : "sap/se/mi/plm/lib/attachmentservice/attachment/i18n/i18n_en.properties",
      "size" : 4450,
      "required" : [],
      "includes" : []
    },
    {
      "name" : "sap/se/mi/plm/lib/attachmentservice/attachment/i18n/i18n_en_US_sappsd.properties",
      "size" : 11609,
      "required" : [],
      "includes" : []
    },
    {
      "name" : "sap/se/mi/plm/lib/attachmentservice/attachment/i18n/i18n_en_US_saptrc.properties",
      "size" : 5704,
      "required" : [],
      "includes" : []
    },
    {
      "name" : "sap/se/mi/plm/lib/attachmentservice/attachment/i18n/i18n_es.properties",
      "size" : 4754,
      "required" : [],
      "includes" : []
    },
    {
      "name" : "sap/se/mi/plm/lib/attachmentservice/attachment/i18n/i18n_et.properties",
      "size" : 4688,
      "required" : [],
      "includes" : []
    },
    {
      "name" : "sap/se/mi/plm/lib/attachmentservice/attachment/i18n/i18n_fi.properties",
      "size" : 4716,
      "required" : [],
      "includes" : []
    },
    {
      "name" : "sap/se/mi/plm/lib/attachmentservice/attachment/i18n/i18n_fr.properties",
      "size" : 5034,
      "required" : [],
      "includes" : []
    },
    {
      "name" : "sap/se/mi/plm/lib/attachmentservice/attachment/i18n/i18n_hi.properties",
      "size" : 8947,
      "required" : [],
      "includes" : []
    },
    {
      "name" : "sap/se/mi/plm/lib/attachmentservice/attachment/i18n/i18n_hr.properties",
      "size" : 4623,
      "required" : [],
      "includes" : []
    },
    {
      "name" : "sap/se/mi/plm/lib/attachmentservice/attachment/i18n/i18n_hu.properties",
      "size" : 5245,
      "required" : [],
      "includes" : []
    },
    {
      "name" : "sap/se/mi/plm/lib/attachmentservice/attachment/i18n/i18n_it.properties",
      "size" : 4694,
      "required" : [],
      "includes" : []
    },
    {
      "name" : "sap/se/mi/plm/lib/attachmentservice/attachment/i18n/i18n_iw.properties",
      "size" : 7413,
      "required" : [],
      "includes" : []
    },
    {
      "name" : "sap/se/mi/plm/lib/attachmentservice/attachment/i18n/i18n_ja.properties",
      "size" : 6282,
      "required" : [],
      "includes" : []
    },
    {
      "name" : "sap/se/mi/plm/lib/attachmentservice/attachment/i18n/i18n_kk.properties",
      "size" : 9200,
      "required" : [],
      "includes" : []
    },
    {
      "name" : "sap/se/mi/plm/lib/attachmentservice/attachment/i18n/i18n_ko.properties",
      "size" : 5771,
      "required" : [],
      "includes" : []
    },
    {
      "name" : "sap/se/mi/plm/lib/attachmentservice/attachment/i18n/i18n_lt.properties",
      "size" : 4834,
      "required" : [],
      "includes" : []
    },
    {
      "name" : "sap/se/mi/plm/lib/attachmentservice/attachment/i18n/i18n_lv.properties",
      "size" : 4980,
      "required" : [],
      "includes" : []
    },
    {
      "name" : "sap/se/mi/plm/lib/attachmentservice/attachment/i18n/i18n_ms.properties",
      "size" : 4533,
      "required" : [],
      "includes" : []
    },
    {
      "name" : "sap/se/mi/plm/lib/attachmentservice/attachment/i18n/i18n_nl.properties",
      "size" : 4545,
      "required" : [],
      "includes" : []
    },
    {
      "name" : "sap/se/mi/plm/lib/attachmentservice/attachment/i18n/i18n_no.properties",
      "size" : 4506,
      "required" : [],
      "includes" : []
    },
    {
      "name" : "sap/se/mi/plm/lib/attachmentservice/attachment/i18n/i18n_pl.properties",
      "size" : 4961,
      "required" : [],
      "includes" : []
    },
    {
      "name" : "sap/se/mi/plm/lib/attachmentservice/attachment/i18n/i18n_pt.properties",
      "size" : 4786,
      "required" : [],
      "includes" : []
    },
    {
      "name" : "sap/se/mi/plm/lib/attachmentservice/attachment/i18n/i18n_ro.properties",
      "size" : 4881,
      "required" : [],
      "includes" : []
    },
    {
      "name" : "sap/se/mi/plm/lib/attachmentservice/attachment/i18n/i18n_ru.properties",
      "size" : 8646,
      "required" : [],
      "includes" : []
    },
    {
      "name" : "sap/se/mi/plm/lib/attachmentservice/attachment/i18n/i18n_sh.properties",
      "size" : 4639,
      "required" : [],
      "includes" : []
    },
    {
      "name" : "sap/se/mi/plm/lib/attachmentservice/attachment/i18n/i18n_sk.properties",
      "size" : 4998,
      "required" : [],
      "includes" : []
    },
    {
      "name" : "sap/se/mi/plm/lib/attachmentservice/attachment/i18n/i18n_sl.properties",
      "size" : 4668,
      "required" : [],
      "includes" : []
    },
    {
      "name" : "sap/se/mi/plm/lib/attachmentservice/attachment/i18n/i18n_sv.properties",
      "size" : 4620,
      "required" : [],
      "includes" : []
    },
    {
      "name" : "sap/se/mi/plm/lib/attachmentservice/attachment/i18n/i18n_th.properties",
      "size" : 8731,
      "required" : [],
      "includes" : []
    },
    {
      "name" : "sap/se/mi/plm/lib/attachmentservice/attachment/i18n/i18n_tr.properties",
      "size" : 4865,
      "required" : [],
      "includes" : []
    },
    {
      "name" : "sap/se/mi/plm/lib/attachmentservice/attachment/i18n/i18n_uk.properties",
      "size" : 9363,
      "required" : [],
      "includes" : []
    },
    {
      "name" : "sap/se/mi/plm/lib/attachmentservice/attachment/i18n/i18n_vi.properties",
      "size" : 6195,
      "required" : [],
      "includes" : []
    },
    {
      "name" : "sap/se/mi/plm/lib/attachmentservice/attachment/i18n/i18n_zh_CN.properties",
      "size" : 5094,
      "required" : [],
      "includes" : []
    },
    {
      "name" : "sap/se/mi/plm/lib/attachmentservice/attachment/i18n/i18n_zh_TW.properties",
      "size" : 5131,
      "required" : [],
      "includes" : []
    },
    {
      "name" : "sap/se/mi/plm/lib/attachmentservice/attachment/localService/mockserver.js",
      "description" : "Copyright (C) 2009-2019 SAP SE or an SAP affiliate company. All rights reserved.",
      "size" : 4990,
      "compressedSize" : 3052,
      "required" : ["sap/ui/core/util/MockServer.js", "ui5loader-autoconfig.js"],
      "includes" : []
    },
    {
      "name" : "sap/se/mi/plm/lib/attachmentservice/attachment/manifest.json",
      "size" : 2042,
      "required" : [],
      "includes" : []
    },
    {
      "name" : "sap/se/mi/plm/lib/attachmentservice/attachment/util/assignUnassignDIR.js",
      "description" : "Copyright (C) 2009-2019 SAP SE or an SAP affiliate company. All rights reserved.",
      "size" : 13582,
      "compressedSize" : 8107,
      "required" : ["sap/m/MessageBox.js", "sap/ui/base/Object.js", "ui5loader-autoconfig.js"],
      "includes" : []
    },
    {
      "name" : "sap/se/mi/plm/lib/attachmentservice/attachment/util/largeFileHandling.js",
      "description" : "Copyright (C) 2009-2019 SAP SE or an SAP affiliate company. All rights reserved.",
      "size" : 10101,
      "compressedSize" : 2517,
      "required" : ["sap/m/MessageBox.js", "sap/ui/base/Object.js", "ui5loader-autoconfig.js"],
      "includes" : []
    },
    {
      "name" : "sap/se/mi/plm/lib/attachmentservice/attachment/view/Attachment.controller.js",
      "description" : "Copyright (C) 2009-2019 SAP SE or an SAP affiliate company. All rights reserved.",
      "size" : 81462,
      "compressedSize" : 53415,
      "required" : ["sap/m/GroupHeaderListItem.js", "sap/m/MessageBox.js", "sap/se/mi/plm/lib/attachmentservice/attachment/util/assignUnassignDIR.js", "sap/se/mi/plm/lib/attachmentservice/attachment/util/largeFileHandling.js", "sap/ui/core/format/DateFormat.js", "sap/ui/core/format/FileSizeFormat.js", "sap/ui/core/mvc/Controller.js", "sap/ui/model/Filter.js", "sap/ui/model/FilterOperator.js", "sap/ui/model/Sorter.js", "ui5loader-autoconfig.js"],
      "includes" : []
    },
    {
      "name" : "sap/se/mi/plm/lib/attachmentservice/attachment/view/Attachment.view.xml",
      "size" : 7555,
      "required" : ["sap/m/Button.js", "sap/m/Label.js", "sap/m/Link.js", "sap/m/ObjectAttribute.js", "sap/m/ObjectStatus.js", "sap/m/OverflowToolbar.js", "sap/m/Select.js", "sap/m/Title.js", "sap/m/Toolbar.js", "sap/m/ToolbarSpacer.js", "sap/m/UploadCollection.js", "sap/m/UploadCollectionItem.js", "sap/m/UploadCollectionToolbarPlaceholder.js", "sap/m/VBox.js", "sap/se/mi/plm/lib/attachmentservice/attachment/view/Attachment.controller.js", "sap/ui/core/CustomData.js", "sap/ui/core/Icon.js", "sap/ui/core/ListItem.js", "sap/ui/core/mvc/XMLView.js"],
      "includes" : []
    },
    {
      "name" : "sap/se/mi/plm/lib/attachmentservice/library-h2-preload.js",
      "size" : 4392,
      "required" : ["jquery.sap.global.js", "sap/m/ActionSheet.js", "sap/m/Button.js", "sap/m/GroupHeaderListItem.js", "sap/m/Label.js", "sap/m/Link.js", "sap/m/MessageBox.js", "sap/m/ObjectAttribute.js", "sap/m/ObjectStatus.js", "sap/m/OverflowToolbar.js", "sap/m/Select.js", "sap/m/Title.js", "sap/m/Toolbar.js", "sap/m/ToolbarSpacer.js", "sap/m/UploadCollection.js", "sap/m/UploadCollectionItem.js", "sap/m/UploadCollectionToolbarPlaceholder.js", "sap/m/VBox.js", "sap/m/ViewSettingsDialog.js", "sap/m/ViewSettingsFilterItem.js", "sap/m/ViewSettingsItem.js", "sap/suite/ui/generic/template/extensionAPI/ReuseComponentSupport.js", "sap/ui/base/Object.js", "sap/ui/core/CustomData.js", "sap/ui/core/Fragment.js", "sap/ui/core/Icon.js", "sap/ui/core/ListItem.js", "sap/ui/core/UIComponent.js", "sap/ui/core/format/DateFormat.js", "sap/ui/core/format/FileSizeFormat.js", "sap/ui/core/library.js", "sap/ui/core/mvc/Controller.js", "sap/ui/core/mvc/XMLView.js", "sap/ui/core/util/MockServer.js", "sap/ui/model/Filter.js", "sap/ui/model/FilterOperator.js", "sap/ui/model/Sorter.js", "ui5loader-autoconfig.js"],
      "includes" : ["sap/se/mi/plm/lib/attachmentservice/library.js", "sap/se/mi/plm/lib/attachmentservice/manifest.json", "sap/se/mi/plm/lib/attachmentservice/attachment/Component.js", "sap/se/mi/plm/lib/attachmentservice/attachment/components/fscomponent/Component.js", "sap/se/mi/plm/lib/attachmentservice/attachment/components/fscomponent/manifest.json", "sap/se/mi/plm/lib/attachmentservice/attachment/components/stcomponent/Component.js", "sap/se/mi/plm/lib/attachmentservice/attachment/components/stcomponent/manifest.json", "sap/se/mi/plm/lib/attachmentservice/attachment/fragment/checkInActionSheet.fragment.xml", "sap/se/mi/plm/lib/attachmentservice/attachment/fragment/grouping.fragment.xml", "sap/se/mi/plm/lib/attachmentservice/attachment/localService/mockserver.js", "sap/se/mi/plm/lib/attachmentservice/attachment/manifest.json", "sap/se/mi/plm/lib/attachmentservice/attachment/util/assignUnassignDIR.js", "sap/se/mi/plm/lib/attachmentservice/attachment/util/largeFileHandling.js", "sap/se/mi/plm/lib/attachmentservice/attachment/view/Attachment.controller.js", "sap/se/mi/plm/lib/attachmentservice/attachment/view/Attachment.view.xml"]
    },
    {
      "name" : "sap/se/mi/plm/lib/attachmentservice/library-preload.js",
      "size" : 88831,
      "required" : ["jquery.sap.global.js", "sap/m/ActionSheet.js", "sap/m/Button.js", "sap/m/GroupHeaderListItem.js", "sap/m/Label.js", "sap/m/Link.js", "sap/m/MessageBox.js", "sap/m/ObjectAttribute.js", "sap/m/ObjectStatus.js", "sap/m/OverflowToolbar.js", "sap/m/Select.js", "sap/m/Title.js", "sap/m/Toolbar.js", "sap/m/ToolbarSpacer.js", "sap/m/UploadCollection.js", "sap/m/UploadCollectionItem.js", "sap/m/UploadCollectionToolbarPlaceholder.js", "sap/m/VBox.js", "sap/m/ViewSettingsDialog.js", "sap/m/ViewSettingsFilterItem.js", "sap/m/ViewSettingsItem.js", "sap/suite/ui/generic/template/extensionAPI/ReuseComponentSupport.js", "sap/ui/base/Object.js", "sap/ui/core/CustomData.js", "sap/ui/core/Fragment.js", "sap/ui/core/Icon.js", "sap/ui/core/ListItem.js", "sap/ui/core/UIComponent.js", "sap/ui/core/format/DateFormat.js", "sap/ui/core/format/FileSizeFormat.js", "sap/ui/core/library.js", "sap/ui/core/mvc/Controller.js", "sap/ui/core/mvc/XMLView.js", "sap/ui/core/util/MockServer.js", "sap/ui/model/Filter.js", "sap/ui/model/FilterOperator.js", "sap/ui/model/Sorter.js", "ui5loader-autoconfig.js"],
      "includes" : ["sap/se/mi/plm/lib/attachmentservice/attachment/Component.js", "sap/se/mi/plm/lib/attachmentservice/attachment/components/fscomponent/Component.js", "sap/se/mi/plm/lib/attachmentservice/attachment/components/fscomponent/manifest.json", "sap/se/mi/plm/lib/attachmentservice/attachment/components/stcomponent/Component.js", "sap/se/mi/plm/lib/attachmentservice/attachment/components/stcomponent/manifest.json", "sap/se/mi/plm/lib/attachmentservice/attachment/fragment/checkInActionSheet.fragment.xml", "sap/se/mi/plm/lib/attachmentservice/attachment/fragment/grouping.fragment.xml", "sap/se/mi/plm/lib/attachmentservice/attachment/localService/mockserver.js", "sap/se/mi/plm/lib/attachmentservice/attachment/manifest.json", "sap/se/mi/plm/lib/attachmentservice/attachment/util/assignUnassignDIR.js", "sap/se/mi/plm/lib/attachmentservice/attachment/util/largeFileHandling.js", "sap/se/mi/plm/lib/attachmentservice/attachment/view/Attachment.controller.js", "sap/se/mi/plm/lib/attachmentservice/attachment/view/Attachment.view.xml", "sap/se/mi/plm/lib/attachmentservice/library.js", "sap/se/mi/plm/lib/attachmentservice/manifest.json"]
    },
    {
      "name" : "sap/se/mi/plm/lib/attachmentservice/library-preload.json",
      "size" : 0,
      "required" : ["jquery.sap.global.js", "sap/m/ActionSheet.js", "sap/m/Button.js", "sap/m/GroupHeaderListItem.js", "sap/m/Label.js", "sap/m/Link.js", "sap/m/MessageBox.js", "sap/m/ObjectAttribute.js", "sap/m/ObjectStatus.js", "sap/m/OverflowToolbar.js", "sap/m/Select.js", "sap/m/Title.js", "sap/m/Toolbar.js", "sap/m/ToolbarSpacer.js", "sap/m/UploadCollection.js", "sap/m/UploadCollectionItem.js", "sap/m/UploadCollectionToolbarPlaceholder.js", "sap/m/VBox.js", "sap/m/ViewSettingsDialog.js", "sap/m/ViewSettingsFilterItem.js", "sap/m/ViewSettingsItem.js", "sap/m/library-preload.json", "sap/suite/ui/generic/template/extensionAPI/ReuseComponentSupport.js", "sap/ui/base/Object.js", "sap/ui/core/CustomData.js", "sap/ui/core/Fragment.js", "sap/ui/core/Icon.js", "sap/ui/core/ListItem.js", "sap/ui/core/UIComponent.js", "sap/ui/core/format/DateFormat.js", "sap/ui/core/format/FileSizeFormat.js", "sap/ui/core/library-preload.json", "sap/ui/core/library.js", "sap/ui/core/mvc/Controller.js", "sap/ui/core/mvc/XMLView.js", "sap/ui/core/util/MockServer.js", "sap/ui/model/Filter.js", "sap/ui/model/FilterOperator.js", "sap/ui/model/Sorter.js", "ui5loader-autoconfig.js"],
      "includes" : ["sap/se/mi/plm/lib/attachmentservice/attachment/Component.js", "sap/se/mi/plm/lib/attachmentservice/attachment/components/fscomponent/Component.js", "sap/se/mi/plm/lib/attachmentservice/attachment/components/fscomponent/manifest.json", "sap/se/mi/plm/lib/attachmentservice/attachment/components/stcomponent/Component.js", "sap/se/mi/plm/lib/attachmentservice/attachment/components/stcomponent/manifest.json", "sap/se/mi/plm/lib/attachmentservice/attachment/fragment/checkInActionSheet.fragment.xml", "sap/se/mi/plm/lib/attachmentservice/attachment/fragment/grouping.fragment.xml", "sap/se/mi/plm/lib/attachmentservice/attachment/localService/mockserver.js", "sap/se/mi/plm/lib/attachmentservice/attachment/manifest.json", "sap/se/mi/plm/lib/attachmentservice/attachment/util/assignUnassignDIR.js", "sap/se/mi/plm/lib/attachmentservice/attachment/util/largeFileHandling.js", "sap/se/mi/plm/lib/attachmentservice/attachment/view/Attachment.controller.js", "sap/se/mi/plm/lib/attachmentservice/attachment/view/Attachment.view.xml", "sap/se/mi/plm/lib/attachmentservice/library.js", "sap/se/mi/plm/lib/attachmentservice/manifest.json"]
    },
    {
      "name" : "sap/se/mi/plm/lib/attachmentservice/library.js",
      "description" : "Initialization Code and shared classes of library sap.se.mi.plm.lib.attachmentservice.",
      "size" : 902,
      "compressedSize" : 486,
      "required" : ["jquery.sap.global.js", "sap/ui/core/library.js", "ui5loader-autoconfig.js"],
      "includes" : []
    },
    {
      "name" : "sap/se/mi/plm/lib/attachmentservice/manifest.json",
      "size" : 1672,
      "required" : [],
      "includes" : []
    }
  ]
}
