<?xml version="1.0" ?>
<library  version="2.0" name="sap.se.mi.plm.lib.attachmentservice">
  <module name="sap/se/mi/plm/lib/attachmentservice/attachment/Component.js" size="4564" compressedSize="3185">
    <description>Copyright (C) 2009-2019 SAP SE or an SAP affiliate company. All rights reserved.</description>
    <requires>
      <module name="sap/ui/core/UIComponent.js"/>
      <module name="ui5loader-autoconfig.js"/>
    </requires>
  </module>
  <module name="sap/se/mi/plm/lib/attachmentservice/attachment/components/fscomponent/Component.js" size="568" compressedSize="462">
    <description>Copyright (C) 2009-2019 SAP SE or an SAP affiliate company. All rights reserved.</description>
    <requires>
      <module name="sap/se/mi/plm/lib/attachmentservice/attachment/Component.js"/>
      <module name="ui5loader-autoconfig.js"/>
    </requires>
  </module>
  <module name="sap/se/mi/plm/lib/attachmentservice/attachment/components/fscomponent/manifest.json" size="2040">
  </module>
  <module name="sap/se/mi/plm/lib/attachmentservice/attachment/components/stcomponent/Component.js" size="5661" compressedSize="3244">
    <description>Copyright (C) 2009-2019 SAP SE or an SAP affiliate company. All rights reserved.</description>
    <requires>
      <module name="sap/suite/ui/generic/template/extensionAPI/ReuseComponentSupport.js"/>
      <module name="sap/ui/core/UIComponent.js"/>
      <module name="ui5loader-autoconfig.js"/>
    </requires>
  </module>
  <module name="sap/se/mi/plm/lib/attachmentservice/attachment/components/stcomponent/manifest.json" size="2040">
  </module>
  <module name="sap/se/mi/plm/lib/attachmentservice/attachment/fragment/checkInActionSheet.fragment.xml" size="515">
    <requires>
      <module name="sap/m/ActionSheet.js"/>
      <module name="sap/m/Button.js"/>
      <module name="sap/ui/core/Fragment.js"/>
    </requires>
  </module>
  <module name="sap/se/mi/plm/lib/attachmentservice/attachment/fragment/grouping.fragment.xml" size="1627">
    <requires>
      <module name="sap/m/ViewSettingsDialog.js"/>
      <module name="sap/m/ViewSettingsFilterItem.js"/>
      <module name="sap/m/ViewSettingsItem.js"/>
      <module name="sap/ui/core/Fragment.js"/>
    </requires>
  </module>
  <module name="sap/se/mi/plm/lib/attachmentservice/attachment/i18n/i18n.properties" size="4594">
  </module>
  <module name="sap/se/mi/plm/lib/attachmentservice/attachment/i18n/i18n_ar.properties" size="8704">
  </module>
  <module name="sap/se/mi/plm/lib/attachmentservice/attachment/i18n/i18n_bg.properties" size="9474">
  </module>
  <module name="sap/se/mi/plm/lib/attachmentservice/attachment/i18n/i18n_ca.properties" size="4698">
  </module>
  <module name="sap/se/mi/plm/lib/attachmentservice/attachment/i18n/i18n_cs.properties" size="5088">
  </module>
  <module name="sap/se/mi/plm/lib/attachmentservice/attachment/i18n/i18n_da.properties" size="4516">
  </module>
  <module name="sap/se/mi/plm/lib/attachmentservice/attachment/i18n/i18n_de.properties" size="4632">
  </module>
  <module name="sap/se/mi/plm/lib/attachmentservice/attachment/i18n/i18n_el.properties" size="9305">
  </module>
  <module name="sap/se/mi/plm/lib/attachmentservice/attachment/i18n/i18n_en.properties" size="4450">
  </module>
  <module name="sap/se/mi/plm/lib/attachmentservice/attachment/i18n/i18n_en_US_sappsd.properties" size="11609">
  </module>
  <module name="sap/se/mi/plm/lib/attachmentservice/attachment/i18n/i18n_en_US_saptrc.properties" size="5704">
  </module>
  <module name="sap/se/mi/plm/lib/attachmentservice/attachment/i18n/i18n_es.properties" size="4754">
  </module>
  <module name="sap/se/mi/plm/lib/attachmentservice/attachment/i18n/i18n_et.properties" size="4688">
  </module>
  <module name="sap/se/mi/plm/lib/attachmentservice/attachment/i18n/i18n_fi.properties" size="4716">
  </module>
  <module name="sap/se/mi/plm/lib/attachmentservice/attachment/i18n/i18n_fr.properties" size="5034">
  </module>
  <module name="sap/se/mi/plm/lib/attachmentservice/attachment/i18n/i18n_hi.properties" size="8947">
  </module>
  <module name="sap/se/mi/plm/lib/attachmentservice/attachment/i18n/i18n_hr.properties" size="4623">
  </module>
  <module name="sap/se/mi/plm/lib/attachmentservice/attachment/i18n/i18n_hu.properties" size="5245">
  </module>
  <module name="sap/se/mi/plm/lib/attachmentservice/attachment/i18n/i18n_it.properties" size="4694">
  </module>
  <module name="sap/se/mi/plm/lib/attachmentservice/attachment/i18n/i18n_iw.properties" size="7413">
  </module>
  <module name="sap/se/mi/plm/lib/attachmentservice/attachment/i18n/i18n_ja.properties" size="6282">
  </module>
  <module name="sap/se/mi/plm/lib/attachmentservice/attachment/i18n/i18n_kk.properties" size="9200">
  </module>
  <module name="sap/se/mi/plm/lib/attachmentservice/attachment/i18n/i18n_ko.properties" size="5771">
  </module>
  <module name="sap/se/mi/plm/lib/attachmentservice/attachment/i18n/i18n_lt.properties" size="4834">
  </module>
  <module name="sap/se/mi/plm/lib/attachmentservice/attachment/i18n/i18n_lv.properties" size="4980">
  </module>
  <module name="sap/se/mi/plm/lib/attachmentservice/attachment/i18n/i18n_ms.properties" size="4533">
  </module>
  <module name="sap/se/mi/plm/lib/attachmentservice/attachment/i18n/i18n_nl.properties" size="4545">
  </module>
  <module name="sap/se/mi/plm/lib/attachmentservice/attachment/i18n/i18n_no.properties" size="4506">
  </module>
  <module name="sap/se/mi/plm/lib/attachmentservice/attachment/i18n/i18n_pl.properties" size="4961">
  </module>
  <module name="sap/se/mi/plm/lib/attachmentservice/attachment/i18n/i18n_pt.properties" size="4786">
  </module>
  <module name="sap/se/mi/plm/lib/attachmentservice/attachment/i18n/i18n_ro.properties" size="4881">
  </module>
  <module name="sap/se/mi/plm/lib/attachmentservice/attachment/i18n/i18n_ru.properties" size="8646">
  </module>
  <module name="sap/se/mi/plm/lib/attachmentservice/attachment/i18n/i18n_sh.properties" size="4639">
  </module>
  <module name="sap/se/mi/plm/lib/attachmentservice/attachment/i18n/i18n_sk.properties" size="4998">
  </module>
  <module name="sap/se/mi/plm/lib/attachmentservice/attachment/i18n/i18n_sl.properties" size="4668">
  </module>
  <module name="sap/se/mi/plm/lib/attachmentservice/attachment/i18n/i18n_sv.properties" size="4620">
  </module>
  <module name="sap/se/mi/plm/lib/attachmentservice/attachment/i18n/i18n_th.properties" size="8731">
  </module>
  <module name="sap/se/mi/plm/lib/attachmentservice/attachment/i18n/i18n_tr.properties" size="4865">
  </module>
  <module name="sap/se/mi/plm/lib/attachmentservice/attachment/i18n/i18n_uk.properties" size="9363">
  </module>
  <module name="sap/se/mi/plm/lib/attachmentservice/attachment/i18n/i18n_vi.properties" size="6195">
  </module>
  <module name="sap/se/mi/plm/lib/attachmentservice/attachment/i18n/i18n_zh_CN.properties" size="5094">
  </module>
  <module name="sap/se/mi/plm/lib/attachmentservice/attachment/i18n/i18n_zh_TW.properties" size="5131">
  </module>
  <module name="sap/se/mi/plm/lib/attachmentservice/attachment/localService/mockserver.js" size="4990" compressedSize="3052">
    <description>Copyright (C) 2009-2019 SAP SE or an SAP affiliate company. All rights reserved.</description>
    <requires>
      <module name="sap/ui/core/util/MockServer.js"/>
      <module name="ui5loader-autoconfig.js"/>
    </requires>
  </module>
  <module name="sap/se/mi/plm/lib/attachmentservice/attachment/manifest.json" size="2042">
  </module>
  <module name="sap/se/mi/plm/lib/attachmentservice/attachment/util/assignUnassignDIR.js" size="13582" compressedSize="8107">
    <description>Copyright (C) 2009-2019 SAP SE or an SAP affiliate company. All rights reserved.</description>
    <requires>
      <module name="sap/m/MessageBox.js"/>
      <module name="sap/ui/base/Object.js"/>
      <module name="ui5loader-autoconfig.js"/>
    </requires>
  </module>
  <module name="sap/se/mi/plm/lib/attachmentservice/attachment/util/largeFileHandling.js" size="10101" compressedSize="2517">
    <description>Copyright (C) 2009-2019 SAP SE or an SAP affiliate company. All rights reserved.</description>
    <requires>
      <module name="sap/m/MessageBox.js"/>
      <module name="sap/ui/base/Object.js"/>
      <module name="ui5loader-autoconfig.js"/>
    </requires>
  </module>
  <module name="sap/se/mi/plm/lib/attachmentservice/attachment/view/Attachment.controller.js" size="81462" compressedSize="53415">
    <description>Copyright (C) 2009-2019 SAP SE or an SAP affiliate company. All rights reserved.</description>
    <requires>
      <module name="sap/m/GroupHeaderListItem.js"/>
      <module name="sap/m/MessageBox.js"/>
      <module name="sap/se/mi/plm/lib/attachmentservice/attachment/util/assignUnassignDIR.js"/>
      <module name="sap/se/mi/plm/lib/attachmentservice/attachment/util/largeFileHandling.js"/>
      <module name="sap/ui/core/format/DateFormat.js"/>
      <module name="sap/ui/core/format/FileSizeFormat.js"/>
      <module name="sap/ui/core/mvc/Controller.js"/>
      <module name="sap/ui/model/Filter.js"/>
      <module name="sap/ui/model/FilterOperator.js"/>
      <module name="sap/ui/model/Sorter.js"/>
      <module name="ui5loader-autoconfig.js"/>
    </requires>
  </module>
  <module name="sap/se/mi/plm/lib/attachmentservice/attachment/view/Attachment.view.xml" size="7555">
    <requires>
      <module name="sap/m/Button.js"/>
      <module name="sap/m/Label.js"/>
      <module name="sap/m/Link.js"/>
      <module name="sap/m/ObjectAttribute.js"/>
      <module name="sap/m/ObjectStatus.js"/>
      <module name="sap/m/OverflowToolbar.js"/>
      <module name="sap/m/Select.js"/>
      <module name="sap/m/Title.js"/>
      <module name="sap/m/Toolbar.js"/>
      <module name="sap/m/ToolbarSpacer.js"/>
      <module name="sap/m/UploadCollection.js"/>
      <module name="sap/m/UploadCollectionItem.js"/>
      <module name="sap/m/UploadCollectionToolbarPlaceholder.js"/>
      <module name="sap/m/VBox.js"/>
      <module name="sap/se/mi/plm/lib/attachmentservice/attachment/view/Attachment.controller.js"/>
      <module name="sap/ui/core/CustomData.js"/>
      <module name="sap/ui/core/Icon.js"/>
      <module name="sap/ui/core/ListItem.js"/>
      <module name="sap/ui/core/mvc/XMLView.js"/>
    </requires>
  </module>
  <module name="sap/se/mi/plm/lib/attachmentservice/library-h2-preload.js" size="4392">
    <requires>
      <module name="jquery.sap.global.js"/>
      <module name="sap/m/ActionSheet.js"/>
      <module name="sap/m/Button.js"/>
      <module name="sap/m/GroupHeaderListItem.js"/>
      <module name="sap/m/Label.js"/>
      <module name="sap/m/Link.js"/>
      <module name="sap/m/MessageBox.js"/>
      <module name="sap/m/ObjectAttribute.js"/>
      <module name="sap/m/ObjectStatus.js"/>
      <module name="sap/m/OverflowToolbar.js"/>
      <module name="sap/m/Select.js"/>
      <module name="sap/m/Title.js"/>
      <module name="sap/m/Toolbar.js"/>
      <module name="sap/m/ToolbarSpacer.js"/>
      <module name="sap/m/UploadCollection.js"/>
      <module name="sap/m/UploadCollectionItem.js"/>
      <module name="sap/m/UploadCollectionToolbarPlaceholder.js"/>
      <module name="sap/m/VBox.js"/>
      <module name="sap/m/ViewSettingsDialog.js"/>
      <module name="sap/m/ViewSettingsFilterItem.js"/>
      <module name="sap/m/ViewSettingsItem.js"/>
      <module name="sap/suite/ui/generic/template/extensionAPI/ReuseComponentSupport.js"/>
      <module name="sap/ui/base/Object.js"/>
      <module name="sap/ui/core/CustomData.js"/>
      <module name="sap/ui/core/Fragment.js"/>
      <module name="sap/ui/core/Icon.js"/>
      <module name="sap/ui/core/ListItem.js"/>
      <module name="sap/ui/core/UIComponent.js"/>
      <module name="sap/ui/core/format/DateFormat.js"/>
      <module name="sap/ui/core/format/FileSizeFormat.js"/>
      <module name="sap/ui/core/library.js"/>
      <module name="sap/ui/core/mvc/Controller.js"/>
      <module name="sap/ui/core/mvc/XMLView.js"/>
      <module name="sap/ui/core/util/MockServer.js"/>
      <module name="sap/ui/model/Filter.js"/>
      <module name="sap/ui/model/FilterOperator.js"/>
      <module name="sap/ui/model/Sorter.js"/>
      <module name="ui5loader-autoconfig.js"/>
    </requires>
    <includes>
      <module name="sap/se/mi/plm/lib/attachmentservice/library.js"/>
      <module name="sap/se/mi/plm/lib/attachmentservice/manifest.json"/>
      <module name="sap/se/mi/plm/lib/attachmentservice/attachment/Component.js"/>
      <module name="sap/se/mi/plm/lib/attachmentservice/attachment/components/fscomponent/Component.js"/>
      <module name="sap/se/mi/plm/lib/attachmentservice/attachment/components/fscomponent/manifest.json"/>
      <module name="sap/se/mi/plm/lib/attachmentservice/attachment/components/stcomponent/Component.js"/>
      <module name="sap/se/mi/plm/lib/attachmentservice/attachment/components/stcomponent/manifest.json"/>
      <module name="sap/se/mi/plm/lib/attachmentservice/attachment/fragment/checkInActionSheet.fragment.xml"/>
      <module name="sap/se/mi/plm/lib/attachmentservice/attachment/fragment/grouping.fragment.xml"/>
      <module name="sap/se/mi/plm/lib/attachmentservice/attachment/localService/mockserver.js"/>
      <module name="sap/se/mi/plm/lib/attachmentservice/attachment/manifest.json"/>
      <module name="sap/se/mi/plm/lib/attachmentservice/attachment/util/assignUnassignDIR.js"/>
      <module name="sap/se/mi/plm/lib/attachmentservice/attachment/util/largeFileHandling.js"/>
      <module name="sap/se/mi/plm/lib/attachmentservice/attachment/view/Attachment.controller.js"/>
      <module name="sap/se/mi/plm/lib/attachmentservice/attachment/view/Attachment.view.xml"/>
    </includes>
  </module>
  <module name="sap/se/mi/plm/lib/attachmentservice/library-preload.js" size="88831">
    <requires>
      <module name="jquery.sap.global.js"/>
      <module name="sap/m/ActionSheet.js"/>
      <module name="sap/m/Button.js"/>
      <module name="sap/m/GroupHeaderListItem.js"/>
      <module name="sap/m/Label.js"/>
      <module name="sap/m/Link.js"/>
      <module name="sap/m/MessageBox.js"/>
      <module name="sap/m/ObjectAttribute.js"/>
      <module name="sap/m/ObjectStatus.js"/>
      <module name="sap/m/OverflowToolbar.js"/>
      <module name="sap/m/Select.js"/>
      <module name="sap/m/Title.js"/>
      <module name="sap/m/Toolbar.js"/>
      <module name="sap/m/ToolbarSpacer.js"/>
      <module name="sap/m/UploadCollection.js"/>
      <module name="sap/m/UploadCollectionItem.js"/>
      <module name="sap/m/UploadCollectionToolbarPlaceholder.js"/>
      <module name="sap/m/VBox.js"/>
      <module name="sap/m/ViewSettingsDialog.js"/>
      <module name="sap/m/ViewSettingsFilterItem.js"/>
      <module name="sap/m/ViewSettingsItem.js"/>
      <module name="sap/suite/ui/generic/template/extensionAPI/ReuseComponentSupport.js"/>
      <module name="sap/ui/base/Object.js"/>
      <module name="sap/ui/core/CustomData.js"/>
      <module name="sap/ui/core/Fragment.js"/>
      <module name="sap/ui/core/Icon.js"/>
      <module name="sap/ui/core/ListItem.js"/>
      <module name="sap/ui/core/UIComponent.js"/>
      <module name="sap/ui/core/format/DateFormat.js"/>
      <module name="sap/ui/core/format/FileSizeFormat.js"/>
      <module name="sap/ui/core/library.js"/>
      <module name="sap/ui/core/mvc/Controller.js"/>
      <module name="sap/ui/core/mvc/XMLView.js"/>
      <module name="sap/ui/core/util/MockServer.js"/>
      <module name="sap/ui/model/Filter.js"/>
      <module name="sap/ui/model/FilterOperator.js"/>
      <module name="sap/ui/model/Sorter.js"/>
      <module name="ui5loader-autoconfig.js"/>
    </requires>
    <includes>
      <module name="sap/se/mi/plm/lib/attachmentservice/attachment/Component.js"/>
      <module name="sap/se/mi/plm/lib/attachmentservice/attachment/components/fscomponent/Component.js"/>
      <module name="sap/se/mi/plm/lib/attachmentservice/attachment/components/fscomponent/manifest.json"/>
      <module name="sap/se/mi/plm/lib/attachmentservice/attachment/components/stcomponent/Component.js"/>
      <module name="sap/se/mi/plm/lib/attachmentservice/attachment/components/stcomponent/manifest.json"/>
      <module name="sap/se/mi/plm/lib/attachmentservice/attachment/fragment/checkInActionSheet.fragment.xml"/>
      <module name="sap/se/mi/plm/lib/attachmentservice/attachment/fragment/grouping.fragment.xml"/>
      <module name="sap/se/mi/plm/lib/attachmentservice/attachment/localService/mockserver.js"/>
      <module name="sap/se/mi/plm/lib/attachmentservice/attachment/manifest.json"/>
      <module name="sap/se/mi/plm/lib/attachmentservice/attachment/util/assignUnassignDIR.js"/>
      <module name="sap/se/mi/plm/lib/attachmentservice/attachment/util/largeFileHandling.js"/>
      <module name="sap/se/mi/plm/lib/attachmentservice/attachment/view/Attachment.controller.js"/>
      <module name="sap/se/mi/plm/lib/attachmentservice/attachment/view/Attachment.view.xml"/>
      <module name="sap/se/mi/plm/lib/attachmentservice/library.js"/>
      <module name="sap/se/mi/plm/lib/attachmentservice/manifest.json"/>
    </includes>
  </module>
  <module name="sap/se/mi/plm/lib/attachmentservice/library-preload.json" size="0">
    <requires>
      <module name="jquery.sap.global.js"/>
      <module name="sap/m/ActionSheet.js"/>
      <module name="sap/m/Button.js"/>
      <module name="sap/m/GroupHeaderListItem.js"/>
      <module name="sap/m/Label.js"/>
      <module name="sap/m/Link.js"/>
      <module name="sap/m/MessageBox.js"/>
      <module name="sap/m/ObjectAttribute.js"/>
      <module name="sap/m/ObjectStatus.js"/>
      <module name="sap/m/OverflowToolbar.js"/>
      <module name="sap/m/Select.js"/>
      <module name="sap/m/Title.js"/>
      <module name="sap/m/Toolbar.js"/>
      <module name="sap/m/ToolbarSpacer.js"/>
      <module name="sap/m/UploadCollection.js"/>
      <module name="sap/m/UploadCollectionItem.js"/>
      <module name="sap/m/UploadCollectionToolbarPlaceholder.js"/>
      <module name="sap/m/VBox.js"/>
      <module name="sap/m/ViewSettingsDialog.js"/>
      <module name="sap/m/ViewSettingsFilterItem.js"/>
      <module name="sap/m/ViewSettingsItem.js"/>
      <module name="sap/m/library-preload.json"/>
      <module name="sap/suite/ui/generic/template/extensionAPI/ReuseComponentSupport.js"/>
      <module name="sap/ui/base/Object.js"/>
      <module name="sap/ui/core/CustomData.js"/>
      <module name="sap/ui/core/Fragment.js"/>
      <module name="sap/ui/core/Icon.js"/>
      <module name="sap/ui/core/ListItem.js"/>
      <module name="sap/ui/core/UIComponent.js"/>
      <module name="sap/ui/core/format/DateFormat.js"/>
      <module name="sap/ui/core/format/FileSizeFormat.js"/>
      <module name="sap/ui/core/library-preload.json"/>
      <module name="sap/ui/core/library.js"/>
      <module name="sap/ui/core/mvc/Controller.js"/>
      <module name="sap/ui/core/mvc/XMLView.js"/>
      <module name="sap/ui/core/util/MockServer.js"/>
      <module name="sap/ui/model/Filter.js"/>
      <module name="sap/ui/model/FilterOperator.js"/>
      <module name="sap/ui/model/Sorter.js"/>
      <module name="ui5loader-autoconfig.js"/>
    </requires>
    <includes>
      <module name="sap/se/mi/plm/lib/attachmentservice/attachment/Component.js"/>
      <module name="sap/se/mi/plm/lib/attachmentservice/attachment/components/fscomponent/Component.js"/>
      <module name="sap/se/mi/plm/lib/attachmentservice/attachment/components/fscomponent/manifest.json"/>
      <module name="sap/se/mi/plm/lib/attachmentservice/attachment/components/stcomponent/Component.js"/>
      <module name="sap/se/mi/plm/lib/attachmentservice/attachment/components/stcomponent/manifest.json"/>
      <module name="sap/se/mi/plm/lib/attachmentservice/attachment/fragment/checkInActionSheet.fragment.xml"/>
      <module name="sap/se/mi/plm/lib/attachmentservice/attachment/fragment/grouping.fragment.xml"/>
      <module name="sap/se/mi/plm/lib/attachmentservice/attachment/localService/mockserver.js"/>
      <module name="sap/se/mi/plm/lib/attachmentservice/attachment/manifest.json"/>
      <module name="sap/se/mi/plm/lib/attachmentservice/attachment/util/assignUnassignDIR.js"/>
      <module name="sap/se/mi/plm/lib/attachmentservice/attachment/util/largeFileHandling.js"/>
      <module name="sap/se/mi/plm/lib/attachmentservice/attachment/view/Attachment.controller.js"/>
      <module name="sap/se/mi/plm/lib/attachmentservice/attachment/view/Attachment.view.xml"/>
      <module name="sap/se/mi/plm/lib/attachmentservice/library.js"/>
      <module name="sap/se/mi/plm/lib/attachmentservice/manifest.json"/>
    </includes>
  </module>
  <module name="sap/se/mi/plm/lib/attachmentservice/library.js" size="902" compressedSize="486">
    <description>Initialization Code and shared classes of library sap.se.mi.plm.lib.attachmentservice.</description>
    <requires>
      <module name="jquery.sap.global.js"/>
      <module name="sap/ui/core/library.js"/>
      <module name="ui5loader-autoconfig.js"/>
    </requires>
  </module>
  <module name="sap/se/mi/plm/lib/attachmentservice/manifest.json" size="1672">
  </module>
</library>
