{
  "headerWhiteList": [
    "objecttype",
    "objectkey",
    "slug",
    "MarkForDeletion",
    "documentType",
    "documentNumber",
    "documentVersion",
    "documentPart",
    "semanticobjecttype"
  ],
  "routes": [
    {
      "path": "/webapp/resources/sap/s4h/cfnd/featuretoggle",
      "target": {
        "type": "application",
        "name": "saps4hcfndfeaturetoggle"
      },
      "description": "Feature Toggle Library"
    },
    {
      "path": "/resources/sap/s4h/cfnd/featuretoggle",
      "target": {
        "type": "application",
        "name": "saps4hcfndfeaturetoggle"
      },
      "description": "Feature Toggle Library"
    },
    {
      "path": "/sap/opu/odata",
      "target": {
        "type": "destination",
        "name": "DF1_200",
        "entryPath": "/sap/opu/odata"
      },
      "description": "DF1_200"
    },
    {
      "path": "/sap/bc/ui5_ui5",
      "target": {
        "type": "destination",
        "name": "DF1_200",
        "entryPath": "/sap/bc/ui5_ui5"
      },
      "description": "DF1_200"
    },
    {
      "path": "/resources",
      "target": {
        "type": "service",
        "name": "sapui5",
        "entryPath": "/resources"
      },
      "description": "SAPUI5 Resources"
    },
    {
      "path": "/test-resources",
      "target": {
        "type": "service",
        "name": "sapui5",
        "entryPath": "/test-resources"
      },
      "description": "SAPUI5 Test Resources"
    }
  ]
}