{
	"_version": "1.1.0",
	"resources": [
		{
			"name": ".library"
		},
		{
			"name": ".theming"
		},
		{
			"name": "attachment/Component-dbg.js",
			"module": "sap/se/mi/plm/lib/attachmentservice/attachment/Component.js",
			"isDebug": true,
			"required": [
				"sap/ui/core/UIComponent.js"
			]
		},
		{
			"name": "attachment/Component.js",
			"module": "sap/se/mi/plm/lib/attachmentservice/attachment/Component.js",
			"required": [
				"sap/ui/core/UIComponent.js"
			]
		},
		{
			"name": "attachment/components/fscomponent/Component-dbg.js",
			"module": "sap/se/mi/plm/lib/attachmentservice/attachment/components/fscomponent/Component.js",
			"isDebug": true,
			"required": [
				"sap/se/mi/plm/lib/attachmentservice/attachment/Component.js"
			]
		},
		{
			"name": "attachment/components/fscomponent/Component.js",
			"module": "sap/se/mi/plm/lib/attachmentservice/attachment/components/fscomponent/Component.js",
			"required": [
				"sap/se/mi/plm/lib/attachmentservice/attachment/Component.js"
			]
		},
		{
			"name": "attachment/components/fscomponent/manifest.json",
			"module": "sap/se/mi/plm/lib/attachmentservice/attachment/components/fscomponent/manifest.json"
		},
		{
			"name": "attachment/components/stcomponent/Component-dbg.js",
			"module": "sap/se/mi/plm/lib/attachmentservice/attachment/components/stcomponent/Component.js",
			"isDebug": true,
			"required": [
				"sap/suite/ui/generic/template/extensionAPI/ReuseComponentSupport.js",
				"sap/ui/core/UIComponent.js"
			]
		},
		{
			"name": "attachment/components/stcomponent/Component.js",
			"module": "sap/se/mi/plm/lib/attachmentservice/attachment/components/stcomponent/Component.js",
			"required": [
				"sap/suite/ui/generic/template/extensionAPI/ReuseComponentSupport.js",
				"sap/ui/core/UIComponent.js"
			]
		},
		{
			"name": "attachment/components/stcomponent/manifest.json",
			"module": "sap/se/mi/plm/lib/attachmentservice/attachment/components/stcomponent/manifest.json"
		},
		{
			"name": "attachment/fragment/checkInActionSheet.fragment.xml",
			"module": "sap/se/mi/plm/lib/attachmentservice/attachment/fragment/checkInActionSheet.fragment.xml",
			"required": [
				"sap/m/ActionSheet.js",
				"sap/m/Button.js",
				"sap/ui/core/Fragment.js"
			]
		},
		{
			"name": "attachment/fragment/grouping.fragment.xml",
			"module": "sap/se/mi/plm/lib/attachmentservice/attachment/fragment/grouping.fragment.xml",
			"required": [
				"sap/m/ViewSettingsDialog.js",
				"sap/m/ViewSettingsFilterItem.js",
				"sap/m/ViewSettingsItem.js",
				"sap/ui/core/Fragment.js"
			]
		},
		{
			"name": "attachment/i18n/i18n.properties",
			"module": "sap/se/mi/plm/lib/attachmentservice/attachment/i18n/i18n.properties",
			"locale": "",
			"raw": "attachment/i18n/i18n.properties"
		},
		{
			"name": "attachment/i18n/i18n_ar.properties",
			"module": "sap/se/mi/plm/lib/attachmentservice/attachment/i18n/i18n_ar.properties",
			"locale": "ar",
			"raw": "attachment/i18n/i18n.properties"
		},
		{
			"name": "attachment/i18n/i18n_bg.properties",
			"module": "sap/se/mi/plm/lib/attachmentservice/attachment/i18n/i18n_bg.properties",
			"locale": "bg",
			"raw": "attachment/i18n/i18n.properties"
		},
		{
			"name": "attachment/i18n/i18n_ca.properties",
			"module": "sap/se/mi/plm/lib/attachmentservice/attachment/i18n/i18n_ca.properties",
			"locale": "ca",
			"raw": "attachment/i18n/i18n.properties"
		},
		{
			"name": "attachment/i18n/i18n_cs.properties",
			"module": "sap/se/mi/plm/lib/attachmentservice/attachment/i18n/i18n_cs.properties",
			"locale": "cs",
			"raw": "attachment/i18n/i18n.properties"
		},
		{
			"name": "attachment/i18n/i18n_da.properties",
			"module": "sap/se/mi/plm/lib/attachmentservice/attachment/i18n/i18n_da.properties",
			"locale": "da",
			"raw": "attachment/i18n/i18n.properties"
		},
		{
			"name": "attachment/i18n/i18n_de.properties",
			"module": "sap/se/mi/plm/lib/attachmentservice/attachment/i18n/i18n_de.properties",
			"locale": "de",
			"raw": "attachment/i18n/i18n.properties"
		},
		{
			"name": "attachment/i18n/i18n_el.properties",
			"module": "sap/se/mi/plm/lib/attachmentservice/attachment/i18n/i18n_el.properties",
			"locale": "el",
			"raw": "attachment/i18n/i18n.properties"
		},
		{
			"name": "attachment/i18n/i18n_en.properties",
			"module": "sap/se/mi/plm/lib/attachmentservice/attachment/i18n/i18n_en.properties",
			"locale": "en",
			"raw": "attachment/i18n/i18n.properties"
		},
		{
			"name": "attachment/i18n/i18n_en_US_sappsd.properties",
			"module": "sap/se/mi/plm/lib/attachmentservice/attachment/i18n/i18n_en_US_sappsd.properties",
			"locale": "en_US_sappsd",
			"raw": "attachment/i18n/i18n.properties"
		},
		{
			"name": "attachment/i18n/i18n_en_US_saptrc.properties",
			"module": "sap/se/mi/plm/lib/attachmentservice/attachment/i18n/i18n_en_US_saptrc.properties",
			"locale": "en_US_saptrc",
			"raw": "attachment/i18n/i18n.properties"
		},
		{
			"name": "attachment/i18n/i18n_es.properties",
			"module": "sap/se/mi/plm/lib/attachmentservice/attachment/i18n/i18n_es.properties",
			"locale": "es",
			"raw": "attachment/i18n/i18n.properties"
		},
		{
			"name": "attachment/i18n/i18n_et.properties",
			"module": "sap/se/mi/plm/lib/attachmentservice/attachment/i18n/i18n_et.properties",
			"locale": "et",
			"raw": "attachment/i18n/i18n.properties"
		},
		{
			"name": "attachment/i18n/i18n_fi.properties",
			"module": "sap/se/mi/plm/lib/attachmentservice/attachment/i18n/i18n_fi.properties",
			"locale": "fi",
			"raw": "attachment/i18n/i18n.properties"
		},
		{
			"name": "attachment/i18n/i18n_fr.properties",
			"module": "sap/se/mi/plm/lib/attachmentservice/attachment/i18n/i18n_fr.properties",
			"locale": "fr",
			"raw": "attachment/i18n/i18n.properties"
		},
		{
			"name": "attachment/i18n/i18n_hi.properties",
			"module": "sap/se/mi/plm/lib/attachmentservice/attachment/i18n/i18n_hi.properties",
			"locale": "hi",
			"raw": "attachment/i18n/i18n.properties"
		},
		{
			"name": "attachment/i18n/i18n_hr.properties",
			"module": "sap/se/mi/plm/lib/attachmentservice/attachment/i18n/i18n_hr.properties",
			"locale": "hr",
			"raw": "attachment/i18n/i18n.properties"
		},
		{
			"name": "attachment/i18n/i18n_hu.properties",
			"module": "sap/se/mi/plm/lib/attachmentservice/attachment/i18n/i18n_hu.properties",
			"locale": "hu",
			"raw": "attachment/i18n/i18n.properties"
		},
		{
			"name": "attachment/i18n/i18n_it.properties",
			"module": "sap/se/mi/plm/lib/attachmentservice/attachment/i18n/i18n_it.properties",
			"locale": "it",
			"raw": "attachment/i18n/i18n.properties"
		},
		{
			"name": "attachment/i18n/i18n_iw.properties",
			"module": "sap/se/mi/plm/lib/attachmentservice/attachment/i18n/i18n_iw.properties",
			"locale": "iw",
			"raw": "attachment/i18n/i18n.properties"
		},
		{
			"name": "attachment/i18n/i18n_ja.properties",
			"module": "sap/se/mi/plm/lib/attachmentservice/attachment/i18n/i18n_ja.properties",
			"locale": "ja",
			"raw": "attachment/i18n/i18n.properties"
		},
		{
			"name": "attachment/i18n/i18n_kk.properties",
			"module": "sap/se/mi/plm/lib/attachmentservice/attachment/i18n/i18n_kk.properties",
			"locale": "kk",
			"raw": "attachment/i18n/i18n.properties"
		},
		{
			"name": "attachment/i18n/i18n_ko.properties",
			"module": "sap/se/mi/plm/lib/attachmentservice/attachment/i18n/i18n_ko.properties",
			"locale": "ko",
			"raw": "attachment/i18n/i18n.properties"
		},
		{
			"name": "attachment/i18n/i18n_lt.properties",
			"module": "sap/se/mi/plm/lib/attachmentservice/attachment/i18n/i18n_lt.properties",
			"locale": "lt",
			"raw": "attachment/i18n/i18n.properties"
		},
		{
			"name": "attachment/i18n/i18n_lv.properties",
			"module": "sap/se/mi/plm/lib/attachmentservice/attachment/i18n/i18n_lv.properties",
			"locale": "lv",
			"raw": "attachment/i18n/i18n.properties"
		},
		{
			"name": "attachment/i18n/i18n_ms.properties",
			"module": "sap/se/mi/plm/lib/attachmentservice/attachment/i18n/i18n_ms.properties",
			"locale": "ms",
			"raw": "attachment/i18n/i18n.properties"
		},
		{
			"name": "attachment/i18n/i18n_nl.properties",
			"module": "sap/se/mi/plm/lib/attachmentservice/attachment/i18n/i18n_nl.properties",
			"locale": "nl",
			"raw": "attachment/i18n/i18n.properties"
		},
		{
			"name": "attachment/i18n/i18n_no.properties",
			"module": "sap/se/mi/plm/lib/attachmentservice/attachment/i18n/i18n_no.properties",
			"locale": "no",
			"raw": "attachment/i18n/i18n.properties"
		},
		{
			"name": "attachment/i18n/i18n_pl.properties",
			"module": "sap/se/mi/plm/lib/attachmentservice/attachment/i18n/i18n_pl.properties",
			"locale": "pl",
			"raw": "attachment/i18n/i18n.properties"
		},
		{
			"name": "attachment/i18n/i18n_pt.properties",
			"module": "sap/se/mi/plm/lib/attachmentservice/attachment/i18n/i18n_pt.properties",
			"locale": "pt",
			"raw": "attachment/i18n/i18n.properties"
		},
		{
			"name": "attachment/i18n/i18n_ro.properties",
			"module": "sap/se/mi/plm/lib/attachmentservice/attachment/i18n/i18n_ro.properties",
			"locale": "ro",
			"raw": "attachment/i18n/i18n.properties"
		},
		{
			"name": "attachment/i18n/i18n_ru.properties",
			"module": "sap/se/mi/plm/lib/attachmentservice/attachment/i18n/i18n_ru.properties",
			"locale": "ru",
			"raw": "attachment/i18n/i18n.properties"
		},
		{
			"name": "attachment/i18n/i18n_sh.properties",
			"module": "sap/se/mi/plm/lib/attachmentservice/attachment/i18n/i18n_sh.properties",
			"locale": "sh",
			"raw": "attachment/i18n/i18n.properties"
		},
		{
			"name": "attachment/i18n/i18n_sk.properties",
			"module": "sap/se/mi/plm/lib/attachmentservice/attachment/i18n/i18n_sk.properties",
			"locale": "sk",
			"raw": "attachment/i18n/i18n.properties"
		},
		{
			"name": "attachment/i18n/i18n_sl.properties",
			"module": "sap/se/mi/plm/lib/attachmentservice/attachment/i18n/i18n_sl.properties",
			"locale": "sl",
			"raw": "attachment/i18n/i18n.properties"
		},
		{
			"name": "attachment/i18n/i18n_sv.properties",
			"module": "sap/se/mi/plm/lib/attachmentservice/attachment/i18n/i18n_sv.properties",
			"locale": "sv",
			"raw": "attachment/i18n/i18n.properties"
		},
		{
			"name": "attachment/i18n/i18n_th.properties",
			"module": "sap/se/mi/plm/lib/attachmentservice/attachment/i18n/i18n_th.properties",
			"locale": "th",
			"raw": "attachment/i18n/i18n.properties"
		},
		{
			"name": "attachment/i18n/i18n_tr.properties",
			"module": "sap/se/mi/plm/lib/attachmentservice/attachment/i18n/i18n_tr.properties",
			"locale": "tr",
			"raw": "attachment/i18n/i18n.properties"
		},
		{
			"name": "attachment/i18n/i18n_uk.properties",
			"module": "sap/se/mi/plm/lib/attachmentservice/attachment/i18n/i18n_uk.properties",
			"locale": "uk",
			"raw": "attachment/i18n/i18n.properties"
		},
		{
			"name": "attachment/i18n/i18n_vi.properties",
			"module": "sap/se/mi/plm/lib/attachmentservice/attachment/i18n/i18n_vi.properties",
			"locale": "vi",
			"raw": "attachment/i18n/i18n.properties"
		},
		{
			"name": "attachment/i18n/i18n_zh_CN.properties",
			"module": "sap/se/mi/plm/lib/attachmentservice/attachment/i18n/i18n_zh_CN.properties",
			"locale": "zh_CN",
			"raw": "attachment/i18n/i18n.properties"
		},
		{
			"name": "attachment/i18n/i18n_zh_TW.properties",
			"module": "sap/se/mi/plm/lib/attachmentservice/attachment/i18n/i18n_zh_TW.properties",
			"locale": "zh_TW",
			"raw": "attachment/i18n/i18n.properties"
		},
		{
			"name": "attachment/localService/metadata.xml"
		},
		{
			"name": "attachment/localService/mockdata/DocumentHeaderDraftSet.json"
		},
		{
			"name": "attachment/localService/mockdata/ObjectLinkDraftSet.json"
		},
		{
			"name": "attachment/localService/mockdata/OriginalContent.json"
		},
		{
			"name": "attachment/localService/mockdata/OriginalContentSet.json"
		},
		{
			"name": "attachment/localService/mockdata/OriginalUploadParamsSet.json"
		},
		{
			"name": "attachment/localService/mockserver-dbg.js",
			"module": "sap/se/mi/plm/lib/attachmentservice/attachment/localService/mockserver.js",
			"isDebug": true,
			"required": [
				"sap/ui/core/util/MockServer.js"
			]
		},
		{
			"name": "attachment/localService/mockserver.js",
			"module": "sap/se/mi/plm/lib/attachmentservice/attachment/localService/mockserver.js",
			"required": [
				"sap/ui/core/util/MockServer.js"
			]
		},
		{
			"name": "attachment/manifest.json",
			"module": "sap/se/mi/plm/lib/attachmentservice/attachment/manifest.json"
		},
		{
			"name": "attachment/util/assignUnassignDIR-dbg.js",
			"module": "sap/se/mi/plm/lib/attachmentservice/attachment/util/assignUnassignDIR.js",
			"isDebug": true,
			"required": [
				"sap/m/MessageBox.js",
				"sap/ui/base/Object.js"
			]
		},
		{
			"name": "attachment/util/assignUnassignDIR.js",
			"module": "sap/se/mi/plm/lib/attachmentservice/attachment/util/assignUnassignDIR.js",
			"required": [
				"sap/m/MessageBox.js",
				"sap/ui/base/Object.js"
			]
		},
		{
			"name": "attachment/util/largeFileHandling-dbg.js",
			"module": "sap/se/mi/plm/lib/attachmentservice/attachment/util/largeFileHandling.js",
			"isDebug": true,
			"required": [
				"sap/m/MessageBox.js",
				"sap/ui/base/Object.js"
			]
		},
		{
			"name": "attachment/util/largeFileHandling.js",
			"module": "sap/se/mi/plm/lib/attachmentservice/attachment/util/largeFileHandling.js",
			"required": [
				"sap/m/MessageBox.js",
				"sap/ui/base/Object.js"
			]
		},
		{
			"name": "attachment/view/Attachment-dbg.controller.js",
			"module": "sap/se/mi/plm/lib/attachmentservice/attachment/view/Attachment.controller.js",
			"isDebug": true,
			"required": [
				"sap/m/GroupHeaderListItem.js",
				"sap/m/MessageBox.js",
				"sap/se/mi/plm/lib/attachmentservice/attachment/util/assignUnassignDIR.js",
				"sap/se/mi/plm/lib/attachmentservice/attachment/util/largeFileHandling.js",
				"sap/ui/core/format/DateFormat.js",
				"sap/ui/core/format/FileSizeFormat.js",
				"sap/ui/core/mvc/Controller.js",
				"sap/ui/model/Filter.js",
				"sap/ui/model/FilterOperator.js",
				"sap/ui/model/Sorter.js"
			]
		},
		{
			"name": "attachment/view/Attachment.controller.js",
			"module": "sap/se/mi/plm/lib/attachmentservice/attachment/view/Attachment.controller.js",
			"required": [
				"sap/m/GroupHeaderListItem.js",
				"sap/m/MessageBox.js",
				"sap/se/mi/plm/lib/attachmentservice/attachment/util/assignUnassignDIR.js",
				"sap/se/mi/plm/lib/attachmentservice/attachment/util/largeFileHandling.js",
				"sap/ui/core/format/DateFormat.js",
				"sap/ui/core/format/FileSizeFormat.js",
				"sap/ui/core/mvc/Controller.js",
				"sap/ui/model/Filter.js",
				"sap/ui/model/FilterOperator.js",
				"sap/ui/model/Sorter.js"
			]
		},
		{
			"name": "attachment/view/Attachment.view.xml",
			"module": "sap/se/mi/plm/lib/attachmentservice/attachment/view/Attachment.view.xml",
			"required": [
				"sap/m/Button.js",
				"sap/m/Label.js",
				"sap/m/Link.js",
				"sap/m/ObjectAttribute.js",
				"sap/m/ObjectStatus.js",
				"sap/m/OverflowToolbar.js",
				"sap/m/Select.js",
				"sap/m/Title.js",
				"sap/m/Toolbar.js",
				"sap/m/ToolbarSpacer.js",
				"sap/m/UploadCollection.js",
				"sap/m/UploadCollectionItem.js",
				"sap/m/UploadCollectionToolbarPlaceholder.js",
				"sap/m/VBox.js",
				"sap/se/mi/plm/lib/attachmentservice/attachment/view/Attachment.controller.js",
				"sap/ui/core/CustomData.js",
				"sap/ui/core/Icon.js",
				"sap/ui/core/ListItem.js",
				"sap/ui/core/mvc/XMLView.js"
			]
		},
		{
			"name": "library-dbg.js",
			"module": "sap/se/mi/plm/lib/attachmentservice/library.js",
			"isDebug": true,
			"required": [
				"jquery.sap.global.js",
				"sap/ui/core/library.js"
			]
		},
		{
			"name": "library-h2-preload-dbg.js",
			"module": "sap/se/mi/plm/lib/attachmentservice/library-h2-preload.js",
			"isDebug": true,
			"merged": true,
			"required": [
				"jquery.sap.global.js",
				"sap/m/ActionSheet.js",
				"sap/m/Button.js",
				"sap/m/GroupHeaderListItem.js",
				"sap/m/Label.js",
				"sap/m/Link.js",
				"sap/m/MessageBox.js",
				"sap/m/ObjectAttribute.js",
				"sap/m/ObjectStatus.js",
				"sap/m/OverflowToolbar.js",
				"sap/m/Select.js",
				"sap/m/Title.js",
				"sap/m/Toolbar.js",
				"sap/m/ToolbarSpacer.js",
				"sap/m/UploadCollection.js",
				"sap/m/UploadCollectionItem.js",
				"sap/m/UploadCollectionToolbarPlaceholder.js",
				"sap/m/VBox.js",
				"sap/m/ViewSettingsDialog.js",
				"sap/m/ViewSettingsFilterItem.js",
				"sap/m/ViewSettingsItem.js",
				"sap/suite/ui/generic/template/extensionAPI/ReuseComponentSupport.js",
				"sap/ui/base/Object.js",
				"sap/ui/core/CustomData.js",
				"sap/ui/core/Fragment.js",
				"sap/ui/core/Icon.js",
				"sap/ui/core/ListItem.js",
				"sap/ui/core/UIComponent.js",
				"sap/ui/core/format/DateFormat.js",
				"sap/ui/core/format/FileSizeFormat.js",
				"sap/ui/core/library.js",
				"sap/ui/core/mvc/Controller.js",
				"sap/ui/core/mvc/XMLView.js",
				"sap/ui/core/util/MockServer.js",
				"sap/ui/model/Filter.js",
				"sap/ui/model/FilterOperator.js",
				"sap/ui/model/Sorter.js"
			],
			"included": [
				"sap/se/mi/plm/lib/attachmentservice/library.js",
				"sap/se/mi/plm/lib/attachmentservice/manifest.json",
				"sap/se/mi/plm/lib/attachmentservice/attachment/Component.js",
				"sap/se/mi/plm/lib/attachmentservice/attachment/components/fscomponent/Component.js",
				"sap/se/mi/plm/lib/attachmentservice/attachment/components/fscomponent/manifest.json",
				"sap/se/mi/plm/lib/attachmentservice/attachment/components/stcomponent/Component.js",
				"sap/se/mi/plm/lib/attachmentservice/attachment/components/stcomponent/manifest.json",
				"sap/se/mi/plm/lib/attachmentservice/attachment/fragment/checkInActionSheet.fragment.xml",
				"sap/se/mi/plm/lib/attachmentservice/attachment/fragment/grouping.fragment.xml",
				"sap/se/mi/plm/lib/attachmentservice/attachment/localService/mockserver.js",
				"sap/se/mi/plm/lib/attachmentservice/attachment/manifest.json",
				"sap/se/mi/plm/lib/attachmentservice/attachment/util/assignUnassignDIR.js",
				"sap/se/mi/plm/lib/attachmentservice/attachment/util/largeFileHandling.js",
				"sap/se/mi/plm/lib/attachmentservice/attachment/view/Attachment.controller.js",
				"sap/se/mi/plm/lib/attachmentservice/attachment/view/Attachment.view.xml"
			]
		},
		{
			"name": "library-h2-preload.js",
			"module": "sap/se/mi/plm/lib/attachmentservice/library-h2-preload.js",
			"merged": true,
			"required": [
				"jquery.sap.global.js",
				"sap/m/ActionSheet.js",
				"sap/m/Button.js",
				"sap/m/GroupHeaderListItem.js",
				"sap/m/Label.js",
				"sap/m/Link.js",
				"sap/m/MessageBox.js",
				"sap/m/ObjectAttribute.js",
				"sap/m/ObjectStatus.js",
				"sap/m/OverflowToolbar.js",
				"sap/m/Select.js",
				"sap/m/Title.js",
				"sap/m/Toolbar.js",
				"sap/m/ToolbarSpacer.js",
				"sap/m/UploadCollection.js",
				"sap/m/UploadCollectionItem.js",
				"sap/m/UploadCollectionToolbarPlaceholder.js",
				"sap/m/VBox.js",
				"sap/m/ViewSettingsDialog.js",
				"sap/m/ViewSettingsFilterItem.js",
				"sap/m/ViewSettingsItem.js",
				"sap/suite/ui/generic/template/extensionAPI/ReuseComponentSupport.js",
				"sap/ui/base/Object.js",
				"sap/ui/core/CustomData.js",
				"sap/ui/core/Fragment.js",
				"sap/ui/core/Icon.js",
				"sap/ui/core/ListItem.js",
				"sap/ui/core/UIComponent.js",
				"sap/ui/core/format/DateFormat.js",
				"sap/ui/core/format/FileSizeFormat.js",
				"sap/ui/core/library.js",
				"sap/ui/core/mvc/Controller.js",
				"sap/ui/core/mvc/XMLView.js",
				"sap/ui/core/util/MockServer.js",
				"sap/ui/model/Filter.js",
				"sap/ui/model/FilterOperator.js",
				"sap/ui/model/Sorter.js"
			],
			"included": [
				"sap/se/mi/plm/lib/attachmentservice/library.js",
				"sap/se/mi/plm/lib/attachmentservice/manifest.json",
				"sap/se/mi/plm/lib/attachmentservice/attachment/Component.js",
				"sap/se/mi/plm/lib/attachmentservice/attachment/components/fscomponent/Component.js",
				"sap/se/mi/plm/lib/attachmentservice/attachment/components/fscomponent/manifest.json",
				"sap/se/mi/plm/lib/attachmentservice/attachment/components/stcomponent/Component.js",
				"sap/se/mi/plm/lib/attachmentservice/attachment/components/stcomponent/manifest.json",
				"sap/se/mi/plm/lib/attachmentservice/attachment/fragment/checkInActionSheet.fragment.xml",
				"sap/se/mi/plm/lib/attachmentservice/attachment/fragment/grouping.fragment.xml",
				"sap/se/mi/plm/lib/attachmentservice/attachment/localService/mockserver.js",
				"sap/se/mi/plm/lib/attachmentservice/attachment/manifest.json",
				"sap/se/mi/plm/lib/attachmentservice/attachment/util/assignUnassignDIR.js",
				"sap/se/mi/plm/lib/attachmentservice/attachment/util/largeFileHandling.js",
				"sap/se/mi/plm/lib/attachmentservice/attachment/view/Attachment.controller.js",
				"sap/se/mi/plm/lib/attachmentservice/attachment/view/Attachment.view.xml"
			]
		},
		{
			"name": "library-h2-preload.js.map",
			"isDebug": true
		},
		{
			"name": "library-preload.js",
			"module": "sap/se/mi/plm/lib/attachmentservice/library-preload.js",
			"merged": true,
			"required": [
				"jquery.sap.global.js",
				"sap/m/ActionSheet.js",
				"sap/m/Button.js",
				"sap/m/GroupHeaderListItem.js",
				"sap/m/Label.js",
				"sap/m/Link.js",
				"sap/m/MessageBox.js",
				"sap/m/ObjectAttribute.js",
				"sap/m/ObjectStatus.js",
				"sap/m/OverflowToolbar.js",
				"sap/m/Select.js",
				"sap/m/Title.js",
				"sap/m/Toolbar.js",
				"sap/m/ToolbarSpacer.js",
				"sap/m/UploadCollection.js",
				"sap/m/UploadCollectionItem.js",
				"sap/m/UploadCollectionToolbarPlaceholder.js",
				"sap/m/VBox.js",
				"sap/m/ViewSettingsDialog.js",
				"sap/m/ViewSettingsFilterItem.js",
				"sap/m/ViewSettingsItem.js",
				"sap/suite/ui/generic/template/extensionAPI/ReuseComponentSupport.js",
				"sap/ui/base/Object.js",
				"sap/ui/core/CustomData.js",
				"sap/ui/core/Fragment.js",
				"sap/ui/core/Icon.js",
				"sap/ui/core/ListItem.js",
				"sap/ui/core/UIComponent.js",
				"sap/ui/core/format/DateFormat.js",
				"sap/ui/core/format/FileSizeFormat.js",
				"sap/ui/core/library.js",
				"sap/ui/core/mvc/Controller.js",
				"sap/ui/core/mvc/XMLView.js",
				"sap/ui/core/util/MockServer.js",
				"sap/ui/model/Filter.js",
				"sap/ui/model/FilterOperator.js",
				"sap/ui/model/Sorter.js"
			],
			"included": [
				"sap/se/mi/plm/lib/attachmentservice/attachment/Component.js",
				"sap/se/mi/plm/lib/attachmentservice/attachment/components/fscomponent/Component.js",
				"sap/se/mi/plm/lib/attachmentservice/attachment/components/fscomponent/manifest.json",
				"sap/se/mi/plm/lib/attachmentservice/attachment/components/stcomponent/Component.js",
				"sap/se/mi/plm/lib/attachmentservice/attachment/components/stcomponent/manifest.json",
				"sap/se/mi/plm/lib/attachmentservice/attachment/fragment/checkInActionSheet.fragment.xml",
				"sap/se/mi/plm/lib/attachmentservice/attachment/fragment/grouping.fragment.xml",
				"sap/se/mi/plm/lib/attachmentservice/attachment/localService/mockserver.js",
				"sap/se/mi/plm/lib/attachmentservice/attachment/manifest.json",
				"sap/se/mi/plm/lib/attachmentservice/attachment/util/assignUnassignDIR.js",
				"sap/se/mi/plm/lib/attachmentservice/attachment/util/largeFileHandling.js",
				"sap/se/mi/plm/lib/attachmentservice/attachment/view/Attachment.controller.js",
				"sap/se/mi/plm/lib/attachmentservice/attachment/view/Attachment.view.xml",
				"sap/se/mi/plm/lib/attachmentservice/library.js",
				"sap/se/mi/plm/lib/attachmentservice/manifest.json"
			]
		},
		{
			"name": "library-preload.js.map",
			"isDebug": true
		},
		{
			"name": "library-preload.json",
			"module": "sap/se/mi/plm/lib/attachmentservice/library-preload.json",
			"merged": true,
			"required": [
				"jquery.sap.global.js",
				"sap/m/ActionSheet.js",
				"sap/m/Button.js",
				"sap/m/GroupHeaderListItem.js",
				"sap/m/Label.js",
				"sap/m/Link.js",
				"sap/m/MessageBox.js",
				"sap/m/ObjectAttribute.js",
				"sap/m/ObjectStatus.js",
				"sap/m/OverflowToolbar.js",
				"sap/m/Select.js",
				"sap/m/Title.js",
				"sap/m/Toolbar.js",
				"sap/m/ToolbarSpacer.js",
				"sap/m/UploadCollection.js",
				"sap/m/UploadCollectionItem.js",
				"sap/m/UploadCollectionToolbarPlaceholder.js",
				"sap/m/VBox.js",
				"sap/m/ViewSettingsDialog.js",
				"sap/m/ViewSettingsFilterItem.js",
				"sap/m/ViewSettingsItem.js",
				"sap/m/library-preload.json",
				"sap/suite/ui/generic/template/extensionAPI/ReuseComponentSupport.js",
				"sap/ui/base/Object.js",
				"sap/ui/core/CustomData.js",
				"sap/ui/core/Fragment.js",
				"sap/ui/core/Icon.js",
				"sap/ui/core/ListItem.js",
				"sap/ui/core/UIComponent.js",
				"sap/ui/core/format/DateFormat.js",
				"sap/ui/core/format/FileSizeFormat.js",
				"sap/ui/core/library-preload.json",
				"sap/ui/core/library.js",
				"sap/ui/core/mvc/Controller.js",
				"sap/ui/core/mvc/XMLView.js",
				"sap/ui/core/util/MockServer.js",
				"sap/ui/model/Filter.js",
				"sap/ui/model/FilterOperator.js",
				"sap/ui/model/Sorter.js"
			],
			"included": [
				"sap/se/mi/plm/lib/attachmentservice/attachment/Component.js",
				"sap/se/mi/plm/lib/attachmentservice/attachment/components/fscomponent/Component.js",
				"sap/se/mi/plm/lib/attachmentservice/attachment/components/fscomponent/manifest.json",
				"sap/se/mi/plm/lib/attachmentservice/attachment/components/stcomponent/Component.js",
				"sap/se/mi/plm/lib/attachmentservice/attachment/components/stcomponent/manifest.json",
				"sap/se/mi/plm/lib/attachmentservice/attachment/fragment/checkInActionSheet.fragment.xml",
				"sap/se/mi/plm/lib/attachmentservice/attachment/fragment/grouping.fragment.xml",
				"sap/se/mi/plm/lib/attachmentservice/attachment/localService/mockserver.js",
				"sap/se/mi/plm/lib/attachmentservice/attachment/manifest.json",
				"sap/se/mi/plm/lib/attachmentservice/attachment/util/assignUnassignDIR.js",
				"sap/se/mi/plm/lib/attachmentservice/attachment/util/largeFileHandling.js",
				"sap/se/mi/plm/lib/attachmentservice/attachment/view/Attachment.controller.js",
				"sap/se/mi/plm/lib/attachmentservice/attachment/view/Attachment.view.xml",
				"sap/se/mi/plm/lib/attachmentservice/library.js",
				"sap/se/mi/plm/lib/attachmentservice/manifest.json"
			]
		},
		{
			"name": "library.dependencies.json",
			"designtime": true
		},
		{
			"name": "library.dependencies.xml",
			"designtime": true
		},
		{
			"name": "library.js",
			"module": "sap/se/mi/plm/lib/attachmentservice/library.js",
			"required": [
				"jquery.sap.global.js",
				"sap/ui/core/library.js"
			]
		},
		{
			"name": "manifest.json",
			"module": "sap/se/mi/plm/lib/attachmentservice/manifest.json"
		},
		{
			"name": "neo-app.json"
		},
		{
			"name": "resources.json"
		}
	]
}
