<edmx:Edmx xmlns:edmx="http://schemas.microsoft.com/ado/2007/06/edmx"
	xmlns:m="http://schemas.microsoft.com/ado/2007/08/dataservices/metadata" xmlns:sap="http://www.sap.com/Protocols/SAPData" Version="1.0">
	<edmx:Reference xmlns:edmx="http://docs.oasis-open.org/odata/ns/edmx"
		Uri="https://ffs-sbx2.casa.intra.saaq.net:443/sap/opu/odata/IWFND/CATALOGSERVICE;v=2/Vocabularies(TechnicalName='%2FIWBEP%2FVOC_COMMON',Version='0001',SAP__Origin='S42CLNT100')/$value"><edmx:Include Namespace="com.sap.vocabularies.Common.v1" Alias="Common"/></edmx:Reference>
	<edmx:Reference xmlns:edmx="http://docs.oasis-open.org/odata/ns/edmx"
		Uri="https://ffs-sbx2.casa.intra.saaq.net:443/sap/opu/odata/IWFND/CATALOGSERVICE;v=2/Vocabularies(TechnicalName='%2FIWBEP%2FVOC_CAPABILITIES',Version='0001',SAP__Origin='S42CLNT100')/$value"><edmx:Include Namespace="Org.OData.Capabilities.V1" Alias="Capabilities"/></edmx:Reference>
	<edmx:Reference xmlns:edmx="http://docs.oasis-open.org/odata/ns/edmx"
		Uri="https://ffs-sbx2.casa.intra.saaq.net:443/sap/opu/odata/IWFND/CATALOGSERVICE;v=2/Vocabularies(TechnicalName='%2FIWBEP%2FVOC_COMMUNICATION',Version='0001',SAP__Origin='S42CLNT100')/$value"><edmx:Include Namespace="com.sap.vocabularies.Communication.v1" Alias="Communication"/></edmx:Reference>
	<edmx:Reference xmlns:edmx="http://docs.oasis-open.org/odata/ns/edmx"
		Uri="https://ffs-sbx2.casa.intra.saaq.net:443/sap/opu/odata/IWFND/CATALOGSERVICE;v=2/Vocabularies(TechnicalName='%2FIWBEP%2FVOC_AGGREGATION',Version='0001',SAP__Origin='S42CLNT100')/$value"><edmx:Include Namespace="Org.OData.Aggregation.V1" Alias="Aggregation"/></edmx:Reference>
	<edmx:Reference xmlns:edmx="http://docs.oasis-open.org/odata/ns/edmx"
		Uri="https://ffs-sbx2.casa.intra.saaq.net:443/sap/opu/odata/IWFND/CATALOGSERVICE;v=2/Vocabularies(TechnicalName='%2FIWBEP%2FVOC_PERSONALDATA',Version='0001',SAP__Origin='S42CLNT100')/$value"><edmx:Include Namespace="com.sap.vocabularies.PersonalData.v1" Alias="PersonalData"/></edmx:Reference>
	<edmx:DataServices m:DataServiceVersion="2.0">
		<Schema xmlns="http://schemas.microsoft.com/ado/2008/09/edm" Namespace="YZA_C_VEHTYPE_CDS" xml:lang="en" sap:schema-version="1">
			<EntityType Name="YZA_C_VEHTYPEType" sap:label="Vehicle type consumption view" sap:content-version="1">
				<Key><PropertyRef Name="VehicleType"/></Key><Property Name="Delete_mc" Type="Edm.Boolean" sap:label="Dyn. Method Control" sap:creatable="false" sap:updatable="false"
					sap:sortable="false" sap:filterable="false"/><Property Name="VehicleType" Type="Edm.String" Nullable="false" MaxLength="2" sap:display-format="UpperCase"
					sap:label="Component of the Version Number" sap:heading=""/><Property Name="VehicleTypeText" Type="Edm.String" MaxLength="30" sap:display-format="UpperCase" sap:label="30 Characters" sap:heading=""/><Property Name="ReadyToUse" Type="Edm.String" MaxLength="1" sap:display-format="UpperCase" sap:label="Single-Character Flag" sap:heading=""/></EntityType>
			<EntityContainer Name="YZA_C_VEHTYPE_CDS_Entities" m:IsDefaultEntityContainer="true" sap:message-scope-supported="true"
				sap:supported-formats="atom json xlsx"><EntitySet Name="YZA_C_VEHTYPE" EntityType="YZA_C_VEHTYPE_CDS.YZA_C_VEHTYPEType" sap:content-version="1" sap:deletable-path="Delete_mc"/></EntityContainer>
			<Annotations xmlns="http://docs.oasis-open.org/odata/ns/edm" Target="YZA_C_VEHTYPE_CDS.YZA_C_VEHTYPE_CDS_Entities">
				<Annotation Term="Aggregation.ApplySupported">
					<Record>
						<PropertyValue Property="Transformations">
							<Collection>
								<String>aggregate</String>
								<String>groupby</String>
								<String>filter</String>
							</Collection>
						</PropertyValue><PropertyValue Property="Rollup" EnumMember="None"/></Record>
				</Annotation>
			</Annotations>
			<Annotations xmlns="http://docs.oasis-open.org/odata/ns/edm" Target="YZA_C_VEHTYPE_CDS.YZA_C_VEHTYPE_CDS_Entities/YZA_C_VEHTYPE">
				<Annotation Term="Capabilities.FilterRestrictions">
					<Record>
						<PropertyValue Property="NonFilterableProperties">
							<Collection>
								<PropertyPath>Delete_mc</PropertyPath>
							</Collection>
						</PropertyValue>
					</Record>
				</Annotation>
				<Annotation Term="Capabilities.SortRestrictions">
					<Record>
						<PropertyValue Property="NonSortableProperties">
							<Collection>
								<PropertyPath>Delete_mc</PropertyPath>
							</Collection>
						</PropertyValue>
					</Record>
				</Annotation>
			</Annotations>
			<Annotations xmlns="http://docs.oasis-open.org/odata/ns/edm" Target="YZA_C_VEHTYPE_CDS.YZA_C_VEHTYPEType">
				<Annotation Term="Common.SemanticKey">
					<Collection>
						<PropertyPath>VehicleType</PropertyPath>
					</Collection>
				</Annotation>
			</Annotations><atom:link xmlns:atom="http://www.w3.org/2005/Atom" rel="self"
				href="https://ffs-sbx2.casa.intra.saaq.net:443/sap/opu/odata/sap/YZA_C_VEHTYPE_CDS/$metadata"/><atom:link xmlns:atom="http://www.w3.org/2005/Atom" rel="latest-version"
				href="https://ffs-sbx2.casa.intra.saaq.net:443/sap/opu/odata/sap/YZA_C_VEHTYPE_CDS/$metadata"/></Schema>
	</edmx:DataServices>
</edmx:Edmx>