<edmx:Edmx xmlns:edmx="http://docs.oasis-open.org/odata/ns/edmx" Version="4.0">
	<edmx:Reference
		Uri="../../catalogservice;v=2/Vocabularies(TechnicalName='%2FIWBEP%2FVOC_COMMON',Version='0001',SAP__Origin='S42CLNT100')/$value"><edmx:Include Namespace="com.sap.vocabularies.Common.v1" Alias="Common"/></edmx:Reference>
	<edmx:Reference
		Uri="../../catalogservice;v=2/Vocabularies(TechnicalName='%2FIWBEP%2FVOC_UI',Version='0001',SAP__Origin='S42CLNT100')/$value"><edmx:Include Namespace="com.sap.vocabularies.UI.v1" Alias="UI"/></edmx:Reference>
	<edmx:Reference
		Uri="../../catalogservice;v=2/Vocabularies(TechnicalName='%2FIWBEP%2FVOC_COMMUNICATION',Version='0001',SAP__Origin='S42CLNT100')/$value"><edmx:Include Namespace="com.sap.vocabularies.Communication.v1" Alias="Communication"/></edmx:Reference>
	<edmx:Reference Uri="../../../sap/yza_c_vehtype_cds/$metadata"><edmx:Include Namespace="YZA_C_VEHTYPE_CDS" Alias="SAP"/></edmx:Reference>
	<edmx:DataServices>
		<Schema xmlns="http://docs.oasis-open.org/odata/ns/edm" Namespace="yza_c_vehtype_cds_van.v1">
			<Annotations Target="YZA_C_VEHTYPE_CDS.YZA_C_VEHTYPEType/Delete_mc"><Annotation Term="UI.Hidden"/></Annotations>
			<Annotations Target="YZA_C_VEHTYPE_CDS.YZA_C_VEHTYPEType">
				<Annotation Term="UI.HeaderInfo">
					<Record><PropertyValue Property="TypeName" String="Vehicle Type"/><PropertyValue Property="TypeNamePlural" String="Vehicle Types"/>
						<PropertyValue Property="Title">
							<Record Type="UI.DataField"><PropertyValue Property="Label" String="Vehicle Type Maintenance"/><PropertyValue Property="Value" Path="VehicleType"/></Record>
						</PropertyValue>
						<PropertyValue Property="Description">
							<Record Type="UI.DataField"><PropertyValue Property="Label" String="Vehicle Type"/><PropertyValue Property="Value" Path="VehicleType"/></Record>
						</PropertyValue>
					</Record>
				</Annotation>
				<Annotation Term="UI.Identification">
					<Collection>
						<Record Type="UI.DataField"><PropertyValue Property="Label" String="Vehicle Type"/><PropertyValue Property="Value" Path="VehicleType"/></Record>
						<Record Type="UI.DataField"><PropertyValue Property="Label" String="Vehicle Type Text"/><PropertyValue Property="Value" Path="VehicleTypeText"/></Record>
					</Collection>
				</Annotation>
				<Annotation Term="UI.LineItem">
					<Collection>
						<Record Type="UI.DataFieldForAction"><PropertyValue Property="Label" String="Ready to use"/>
							<PropertyValue Property="Action" String="">
								<Annotation Term="Core.Messages">
									<Collection>
										<Record><PropertyValue Property="message" String="ERROR: Mandatory Value for Action not found"/><PropertyValue Property="severity" String="error"/></Record>
									</Collection>
								</Annotation>
							</PropertyValue><PropertyValue Property="InvocationGrouping" EnumMember="UI.OperationGroupingType/Isolated"/><Annotation Term="UI.Importance" EnumMember="UI.ImportanceType/High"/></Record>
						<Record Type="UI.DataField"><PropertyValue Property="Label" String="Vehicle Type"/><PropertyValue Property="Value" Path="VehicleType"/><Annotation Term="UI.Importance" EnumMember="UI.ImportanceType/High"/></Record>
						<Record Type="UI.DataField"><PropertyValue Property="Label" String="Vehicle Type Text"/><PropertyValue Property="Value" Path="VehicleTypeText"/><Annotation Term="UI.Importance" EnumMember="UI.ImportanceType/High"/></Record>
						<Record Type="UI.DataField"><PropertyValue Property="Label" String="Ready To Use"/><PropertyValue Property="Value" Path="ReadyToUse"/><Annotation Term="UI.Importance" EnumMember="UI.ImportanceType/High"/></Record>
					</Collection>
				</Annotation>
				<Annotation Term="UI.SelectionFields">
					<Collection>
						<PropertyPath>VehicleType</PropertyPath>
					</Collection>
				</Annotation>
			</Annotations>
		</Schema>
	</edmx:DataServices>
</edmx:Edmx>