<edmx:Edmx xmlns:edmx="http://docs.oasis-open.org/odata/ns/edmx" Version="4.0">
	<edmx:Reference Uri="/sap/opu/odata/saaq/Z_SB_INFRACTION/$metadata">
		<edmx:Include Alias="Metadata" Namespace="cds_xsaaqxz_sd_infraction"/>
	</edmx:Reference>
	<edmx:Reference Uri="https://wiki.scn.sap.com/wiki/download/attachments/448470974/Common.xml?api=v2">
		<edmx:Include Alias="Common" Namespace="com.sap.vocabularies.Common.v1"/>
	</edmx:Reference>
	<edmx:DataServices>
		<Schema xmlns="http://docs.oasis-open.org/odata/ns/edm" Namespace="Infraction.annotations.annotation.cds_xsaaqxz_sd_infraction">
		</Schema>
	</edmx:DataServices>
</edmx:Edmx>