{
	"welcomeFile": "/webapp/index.html",
	"routes": [{
		"path": "/webapp/resources/com/reuselib",
		"target": {
			"type": "application",
			"name": "reuselib"
		},
		"description": "Reusable Library"
	}, {
		"path": "/resources/com/reuselib",
		"target": {
			"type": "application",
			"name": "reuselib"
		},
		"description": "Reusable Library"
	}, {
		"path": "/resources",
		"target": {
			"type": "service",
			"name": "sapui5",
			"entryPath": "/resources",
			"version": "1.71.30"
		},
		"description": "SAPUI5 Resources"
	}, {
		"path": "/test-resources",
		"target": {
			"type": "service",
			"name": "sapui5",
			"entryPath": "/test-resources",
			"version": "1.71.30"
		},
		"description": "SAPUI5 Resources"
	}, {
		"path": "/webapp/resources",
		"target": {
			"type": "service",
			"name": "sapui5",
			"entryPath": "/resources",
			"version": "1.71.30"
		},
		"description": "Local SAPUI5 Resources"
	}, {
		"path": "/webapp/test-resources",
		"target": {
			"type": "service",
			"name": "sapui5",
			"entryPath": "/test-resources",
			"version": "1.71.30"
		},
		"description": "Local SAPUI5 Test Resources"
	}],
	"sendWelcomeFileRedirect": true
}