{
  "welcomeFile": "index.html",
  "routes": [
    {
      "path": "/test-resources/sap/ushell/VehicleType",
      "target": {
        "type": "application",
        "name": "vehicletype"
      },
      "description": "Navigate to vehicletype"
    },
    {
      "path": "/VehicleType",
      "target": {
        "type": "application",
        "name": "vehicletype"
      },
      "description": "Navigate to vehicletype"
    },
    {
      "path": "/test-resources/sap/ushell/Vehicle",
      "target": {
        "type": "application",
        "name": "vehicle"
      },
      "description": "Navigate to vehicle"
    },
    {
      "path": "/Vehicle",
      "target": {
        "type": "application",
        "name": "vehicle"
      },
      "description": "Navigate to vehicle"
    },
    {
      "path": "/webapp/resources/com/reuselib",
      "target": {
        "type": "application",
        "name": "reuselib"
      },
      "description": "Reusable Library"
    },
    {
      "path": "/resources/com/reuselib",
      "target": {
        "type": "application",
        "name": "reuselib"
      },
      "description": "Reusable Library"
    },
    {
      "path": "/webapp/resources/com/reuselib",
      "target": {
        "type": "application",
        "name": "comreuselib"
      },
      "description": "Reusable Library"
    },
    {
      "path": "/resources/com/reuselib",
      "target": {
        "type": "application",
        "name": "comreuselib"
      },
      "description": "Reusable Library"
    },
    {
      "path": "/resources",
      "target": {
        "type": "service",
        "name": "sapui5",
        "entryPath": "/resources"
      },
      "description": "SAPUI5 Resources"
    },
    {
      "path": "/test-resources",
      "target": {
        "type": "service",
        "name": "sapui5",
        "entryPath": "/test-resources"
      },
      "description": "SAPUI5 Test Resources"
    },
    {
      "path": "/sap/opu/odata/sap/YZA_C_VEHTYPE_CDS/",
      "target": {
        "type": "destination",
        "name": "SF2",
        "entryPath": "/sap/opu/odata/sap/YZA_C_VEHTYPE_CDS/"
      },
      "description": "SF2"
    },
    {
      "path": "/sap/opu/odata/IWFND/CATALOGSERVICE;v=2/Annotations(TechnicalName='YZA_C_VEHTYPE_CDS_VAN',Version='0001')/$value/",
      "target": {
        "type": "destination",
        "name": "SF2",
        "entryPath": "/sap/opu/odata/IWFND/CATALOGSERVICE;v=2/Annotations(TechnicalName='YZA_C_VEHTYPE_CDS_VAN',Version='0001')/$value/"
      },
      "description": "SF2"
    },
    {
      "path": "/sap/bc/lrep",
      "target": {
        "type": "destination",
        "name": "SF2",
        "entryPath": "/sap/bc/lrep"
      },
      "description": "SF2"
    },
    {
      "path": "/sap/opu/odata/sap/YZA_C_VEH_CDS/",
      "target": {
        "type": "destination",
        "name": "SF2",
        "entryPath": "/sap/opu/odata/sap/YZA_C_VEH_CDS/"
      },
      "description": "SF2"
    },
    {
      "path": "/sap/opu/odata/IWFND/CATALOGSERVICE;v=2/Annotations(TechnicalName='YZA_C_VEH_CDS_VAN',Version='0001')/$value/",
      "target": {
        "type": "destination",
        "name": "SF2",
        "entryPath": "/sap/opu/odata/IWFND/CATALOGSERVICE;v=2/Annotations(TechnicalName='YZA_C_VEH_CDS_VAN',Version='0001')/$value/"
      },
      "description": "SF2"
    }
  ]
}