<edmx:Edmx xmlns:edmx="http://docs.oasis-open.org/odata/ns/edmx" Version="4.0">
	<edmx:Reference Uri="../../catalogservice;v=2/Vocabularies(TechnicalName='%2FIWBEP%2FVOC_COMMON',Version='0001',SAP__Origin='S4H')/$value"><edmx:Include Namespace="com.sap.vocabularies.Common.v1" Alias="Common"/></edmx:Reference>
	<edmx:Reference Uri="../../catalogservice;v=2/Vocabularies(TechnicalName='%2FIWBEP%2FVOC_UI',Version='0001',SAP__Origin='S4H')/$value"><edmx:Include Namespace="com.sap.vocabularies.UI.v1" Alias="UI"/></edmx:Reference>
	<edmx:Reference
		Uri="../../catalogservice;v=2/Vocabularies(TechnicalName='%2FIWBEP%2FVOC_COMMUNICATION',Version='0001',SAP__Origin='S4H')/$value"><edmx:Include Namespace="com.sap.vocabularies.Communication.v1" Alias="Communication"/></edmx:Reference>
	<edmx:Reference Uri="../../../saaq/z_sb_infraction/$metadata"><edmx:Include Namespace="Z_SB_INFRACTION" Alias="SAP"/></edmx:Reference>
	<edmx:DataServices>
		<Schema xmlns="http://docs.oasis-open.org/odata/ns/edm" Namespace="com.sap.saaq.z_sb_infraction_van.v1">
			<Annotations Target="cds_xsaaqxz_sd_infraction.xSAAQxZ_C_INFRACTIONType/creation_date"><Annotation Term="UI.Hidden"/></Annotations>
			<Annotations Target="cds_xsaaqxz_sd_infraction.xSAAQxZ_C_INFRACTIONType/update_date"><Annotation Term="UI.Hidden"/></Annotations>
			<Annotations Target="cds_xsaaqxz_sd_infraction.xSAAQxZ_C_INFRACTIONType/crea_date_time"><Annotation Term="UI.Hidden"/></Annotations>
			<Annotations Target="cds_xsaaqxz_sd_infraction.xSAAQxZ_C_INFRACTIONType/lchg_date_time"><Annotation Term="UI.Hidden"/></Annotations>
			<Annotations Target="cds_xsaaqxz_sd_infraction.xSAAQxZ_C_INFRACTIONType/lchg_uname"><Annotation Term="UI.Hidden"/></Annotations>
			<Annotations Target="cds_xsaaqxz_sd_infraction.xSAAQxZ_C_INFRACTIONType">
				<Annotation Term="UI.Facets">
					<Collection>
						<Record Type="UI.ReferenceFacet"><PropertyValue Property="Label" String="Infraction Details"/><PropertyValue Property="ID" String="TAB1"/><PropertyValue Property="Target" AnnotationPath="@UI.Identification"/></Record>
					</Collection>
				</Annotation>
				<Annotation Term="UI.HeaderInfo">
					<Record><PropertyValue Property="TypeName" String="Infraction"/><PropertyValue Property="TypeNamePlural" String="Infractions"/>
						<PropertyValue Property="Title">
							<Record Type="UI.DataField"><PropertyValue Property="Label" String="Key"/><PropertyValue Property="Value" Path="db_key"/></Record>
						</PropertyValue>
					</Record>
				</Annotation>
				<Annotation Term="UI.Identification">
					<Collection>
						<Record Type="UI.DataField"><PropertyValue Property="Label" String="Infraction ID"/><PropertyValue Property="Value" Path="infraction_id"/></Record>
						<Record Type="UI.DataField"><PropertyValue Property="Label" String="External Reference"/><PropertyValue Property="Value" Path="ext_reference"/></Record>
						<Record Type="UI.DataField"><PropertyValue Property="Label" String="Other External Reference"/><PropertyValue Property="Value" Path="other_ext_reference"/></Record>
						<Record Type="UI.DataField"><PropertyValue Property="Label" String="Old Infraction ID"/><PropertyValue Property="Value" Path="old_infraction_id"/></Record>
						<Record Type="UI.DataField"><PropertyValue Property="Label" String="Infraction Category"/><PropertyValue Property="Value" Path="infraction_category"/></Record>
						<Record Type="UI.DataField"><PropertyValue Property="Label" String="Infraction Type"/><PropertyValue Property="Value" Path="infraction_type"/></Record>
						<Record Type="UI.DataField"><PropertyValue Property="Label" String="Notification"/><PropertyValue Property="Value" Path="event_id"/></Record>
						<Record Type="UI.DataField"><PropertyValue Property="Label" String="Event Task ID"/><PropertyValue Property="Value" Path="event_task_id"/></Record>
						<Record Type="UI.DataField"><PropertyValue Property="Label" String="Commission Time"/><PropertyValue Property="Value" Path="commission_time"/></Record>
						<Record Type="UI.DataField"><PropertyValue Property="Label" String="Guilt Time"/><PropertyValue Property="Value" Path="guilt_time"/></Record>
						<Record Type="UI.DataField"><PropertyValue Property="Label" String="Closing Date"/><PropertyValue Property="Value" Path="closing_date"/></Record>
						<Record Type="UI.DataField"><PropertyValue Property="Label" String="Payment Date"/><PropertyValue Property="Value" Path="payment_date"/></Record>
						<Record Type="UI.DataField"><PropertyValue Property="Label" String="Alcohol Indicator"/><PropertyValue Property="Value" Path="alco_flag"/></Record>
						<Record Type="UI.DataField"><PropertyValue Property="Label" String="Equivalence Indicator"/><PropertyValue Property="Value" Path="equivalence_flag"/></Record>
						<Record Type="UI.DataField"><PropertyValue Property="Label" String="Drive Under Influence"/><PropertyValue Property="Value" Path="facaf"/></Record>
						<Record Type="UI.DataField"><PropertyValue Property="Label" String="High Speed Indicator"/><PropertyValue Property="Value" Path="high_speed_flag"/></Record>
						<Record Type="UI.DataField"><PropertyValue Property="Label" String="Pardon Indicator"/><PropertyValue Property="Value" Path="pardon_flag"/></Record>
						<Record Type="UI.DataField"><PropertyValue Property="Label" String="Heavy Vehicle Indicator"/><PropertyValue Property="Value" Path="heavy_veh_flag"/></Record>
						<Record Type="UI.DataField"><PropertyValue Property="Label" String="Car Brand"/><PropertyValue Property="Value" Path="car_brand"/></Record>
						<Record Type="UI.DataField"><PropertyValue Property="Label" String="Car Model"/><PropertyValue Property="Value" Path="car_model"/></Record>
						<Record Type="UI.DataField"><PropertyValue Property="Label" String="Partner"/><PropertyValue Property="Value" Path="partner"/></Record>
						<Record Type="UI.DataField"><PropertyValue Property="Label" String="Equipment"/><PropertyValue Property="Value" Path="equnr"/></Record>
						<Record Type="UI.DataField"><PropertyValue Property="Label" String="Plate"/><PropertyValue Property="Value" Path="plate"/></Record>
						<Record Type="UI.DataField"><PropertyValue Property="Label" String="Vehicle Plate Registration Authority"/><PropertyValue Property="Value" Path="state"/></Record>
						<Record Type="UI.DataField"><PropertyValue Property="Label" String="Infraction Status"/><PropertyValue Property="Value" Path="infraction_status"/></Record>
						<Record Type="UI.DataField"><PropertyValue Property="Label" String="Real Speed"/><PropertyValue Property="Value" Path="real_speed"/></Record>
						<Record Type="UI.DataField"><PropertyValue Property="Label" String="Allowed Speed"/><PropertyValue Property="Value" Path="allowed_speed"/></Record>
						<Record Type="UI.DataField"><PropertyValue Property="Label" String="Speed Unit"/><PropertyValue Property="Value" Path="speed_unit"/></Record>
						<Record Type="UI.DataField"><PropertyValue Property="Label" String="Real Mass"/><PropertyValue Property="Value" Path="real_mass"/></Record>
						<Record Type="UI.DataField"><PropertyValue Property="Label" String="Allowed Mass"/><PropertyValue Property="Value" Path="allowed_mass"/></Record>
						<Record Type="UI.DataField"><PropertyValue Property="Label" String="Mass Unit"/><PropertyValue Property="Value" Path="mass_unit"/></Record>
						<Record Type="UI.DataField"><PropertyValue Property="Label" String="Real Dimension"/><PropertyValue Property="Value" Path="real_dimension"/></Record>
						<Record Type="UI.DataField"><PropertyValue Property="Label" String="Allowed Dimension"/><PropertyValue Property="Value" Path="allowed_dimension"/></Record>
						<Record Type="UI.DataField"><PropertyValue Property="Label" String="Dimension Unit"/><PropertyValue Property="Value" Path="dimension_unit"/></Record>
						<Record Type="UI.DataField"><PropertyValue Property="Label" String="Accident ID"/><PropertyValue Property="Value" Path="accident_id"/></Record>
						<Record Type="UI.DataField"><PropertyValue Property="Label" String="Infraction Amount"/><PropertyValue Property="Value" Path="infraction_amount"/></Record>
						<Record Type="UI.DataField"><PropertyValue Property="Label" String="Currency"/><PropertyValue Property="Value" Path="currency"/></Record>
						<Record Type="UI.DataField"><PropertyValue Property="Label" String="Speed Zone Type"/><PropertyValue Property="Value" Path="speed_zone_type"/></Record>
						<Record Type="UI.DataField"><PropertyValue Property="Label" String="Regulation ID"/><PropertyValue Property="Value" Path="regulation_id"/></Record>
						<Record Type="UI.DataField"><PropertyValue Property="Label" String="Regulation Code"/><PropertyValue Property="Value" Path="regulation_code"/></Record>
						<Record Type="UI.DataField"><PropertyValue Property="Label" String="Regulation Paragraph"/><PropertyValue Property="Value" Path="regulation_paragraph"/></Record>
						<Record Type="UI.DataField"><PropertyValue Property="Label" String="Regulation Line"/><PropertyValue Property="Value" Path="regulation_line"/></Record>
						<Record Type="UI.DataField"><PropertyValue Property="Label" String="External Regulation ID"/><PropertyValue Property="Value" Path="ext_regulation_id"/></Record>
						<Record Type="UI.DataField"><PropertyValue Property="Label" String="External Regulation Code"/><PropertyValue Property="Value" Path="ext_regulation_code"/></Record>
						<Record Type="UI.DataField"><PropertyValue Property="Label" String="Recidivism Count"/><PropertyValue Property="Value" Path="recidivism_count"/></Record>
						<Record Type="UI.DataField"><PropertyValue Property="Label" String="Initial Demerit Point Count"/><PropertyValue Property="Value" Path="initial_demerit_point_count"/></Record>
						<Record Type="UI.DataField"><PropertyValue Property="Label" String="Real Demerit Point Count"/><PropertyValue Property="Value" Path="real_demerit_point_count"/></Record>
						<Record Type="UI.DataField"><PropertyValue Property="Label" String="Actual Demerit Point Count"/><PropertyValue Property="Value" Path="actual_demerit_point_count"/></Record>
						<Record Type="UI.DataField"><PropertyValue Property="Label" String="Participant Demerit Point Count"/><PropertyValue Property="Value" Path="parti_demerit_point_count"/></Record>
						<Record Type="UI.DataField"><PropertyValue Property="Label" String="Served Demerit Point Count"/><PropertyValue Property="Value" Path="served_demerit_point_count"/></Record>
						<Record Type="UI.DataField"><PropertyValue Property="Label" String="Demerit Point Type"/><PropertyValue Property="Value" Path="demerit_point_type"/></Record>
						<Record Type="UI.DataField"><PropertyValue Property="Label" String="Relation Change date Time"/><PropertyValue Property="Value" Path="relation_chg_date_time"/></Record>
						<Record Type="UI.DataField"><PropertyValue Property="Label" String="Archiving Status"/><PropertyValue Property="Value" Path="archiving_status"/></Record>
						<Record Type="UI.DataField"><PropertyValue Property="Label" String="Situation Code"/><PropertyValue Property="Value" Path="codification"/></Record>
						<Record Type="UI.DataField"><PropertyValue Property="Label" String="Defender Type"/><PropertyValue Property="Value" Path="defender_type"/></Record>
						<Record Type="UI.DataField"><PropertyValue Property="Label" String="Vehicle Type"/><PropertyValue Property="Value" Path="vehicle_type"/></Record>
						<Record Type="UI.DataField"><PropertyValue Property="Label" String="Minimal Amount"/><PropertyValue Property="Value" Path="minimal_amount"/></Record>
						<Record Type="UI.DataField"><PropertyValue Property="Label" String="Fees Amount"/><PropertyValue Property="Value" Path="fees_amount"/></Record>
						<Record Type="UI.DataField"><PropertyValue Property="Label" String="Contribution Amount"/><PropertyValue Property="Value" Path="contribution_amount"/></Record>
						<Record Type="UI.DataField"><PropertyValue Property="Label" String="Comission Start Time"/><PropertyValue Property="Value" Path="commision_start_time"/></Record>
						<Record Type="UI.DataField"><PropertyValue Property="Label" String="Deletion Flag"/><PropertyValue Property="Value" Path="deletion_flag"/></Record>
					</Collection>
				</Annotation>
				<Annotation Term="UI.LineItem">
					<Collection>
						<Record Type="UI.DataField"><PropertyValue Property="Label" String="Infraction key"/><PropertyValue Property="Value" Path="db_key"/></Record>
						<Record Type="UI.DataField"><PropertyValue Property="Label" String="Infraction ID"/><PropertyValue Property="Value" Path="infraction_id"/></Record>
						<Record Type="UI.DataField"><PropertyValue Property="Label" String="External Reference"/><PropertyValue Property="Value" Path="ext_reference"/></Record>
						<Record Type="UI.DataField"><PropertyValue Property="Label" String="Infraction Category"/><PropertyValue Property="Value" Path="infraction_category"/></Record>
						<Record Type="UI.DataField"><PropertyValue Property="Label" String="Infraction Type"/><PropertyValue Property="Value" Path="infraction_type"/></Record>
						<Record Type="UI.DataField"><PropertyValue Property="Label" String="Notification"/><PropertyValue Property="Value" Path="event_id"/></Record>
						<Record Type="UI.DataField"><PropertyValue Property="Label" String="Partner"/><PropertyValue Property="Value" Path="partner"/></Record>
						<Record Type="UI.DataField"><PropertyValue Property="Label" String="Equipment"/><PropertyValue Property="Value" Path="equnr"/></Record>
						<Record Type="UI.DataField"><PropertyValue Property="Label" String="Infraction Status"/><PropertyValue Property="Value" Path="infraction_status"/></Record>
						<Record Type="UI.DataField"><PropertyValue Property="Label" String="Regulation Code"/><PropertyValue Property="Value" Path="regulation_code"/></Record>
					</Collection>
				</Annotation>
				<Annotation Term="UI.SelectionFields">
					<Collection>
						<PropertyPath>infraction_type</PropertyPath>
						<PropertyPath>partner</PropertyPath>
					</Collection>
				</Annotation>
			</Annotations>
		</Schema>
	</edmx:DataServices>
</edmx:Edmx>