<?xml version="1.0" encoding="utf-8"?>
<edmx:Edmx Version="1.0" xmlns:edmx="http://schemas.microsoft.com/ado/2007/06/edmx"
	xmlns:m="http://schemas.microsoft.com/ado/2007/08/dataservices/metadata" xmlns:sap="http://www.sap.com/Protocols/SAPData">
	<edmx:Reference
		Uri="https://webidecp-k27dc1c0b.dispatcher.ca1.hana.ondemand.com/destinations/DF1_200/sap/opu/odata/IWFND/CATALOGSERVICE;v=2/Vocabularies(TechnicalName='%2FIWBEP%2FVOC_COMMON',Version='0001',SAP__Origin='S4H')/$value"
		xmlns:edmx="http://docs.oasis-open.org/odata/ns/edmx"><edmx:Include Namespace="com.sap.vocabularies.Common.v1" Alias="Common"/></edmx:Reference>
	<edmx:Reference
		Uri="https://webidecp-k27dc1c0b.dispatcher.ca1.hana.ondemand.com/destinations/DF1_200/sap/opu/odata/IWFND/CATALOGSERVICE;v=2/Vocabularies(TechnicalName='%2FIWBEP%2FVOC_CAPABILITIES',Version='0001',SAP__Origin='S4H')/$value"
		xmlns:edmx="http://docs.oasis-open.org/odata/ns/edmx"><edmx:Include Namespace="Org.OData.Capabilities.V1" Alias="Capabilities"/></edmx:Reference>
	<edmx:Reference
		Uri="https://webidecp-k27dc1c0b.dispatcher.ca1.hana.ondemand.com/destinations/DF1_200/sap/opu/odata/IWFND/CATALOGSERVICE;v=2/Vocabularies(TechnicalName='%2FIWBEP%2FVOC_COMMUNICATION',Version='0001',SAP__Origin='S4H')/$value"
		xmlns:edmx="http://docs.oasis-open.org/odata/ns/edmx"><edmx:Include Namespace="com.sap.vocabularies.Communication.v1" Alias="Communication"/></edmx:Reference>
	<edmx:Reference
		Uri="https://webidecp-k27dc1c0b.dispatcher.ca1.hana.ondemand.com/destinations/DF1_200/sap/opu/odata/IWFND/CATALOGSERVICE;v=2/Vocabularies(TechnicalName='%2FIWBEP%2FVOC_AGGREGATION',Version='0001',SAP__Origin='S4H')/$value"
		xmlns:edmx="http://docs.oasis-open.org/odata/ns/edmx"><edmx:Include Namespace="Org.OData.Aggregation.V1" Alias="Aggregation"/></edmx:Reference>
	<edmx:Reference
		Uri="https://webidecp-k27dc1c0b.dispatcher.ca1.hana.ondemand.com/destinations/DF1_200/sap/opu/odata/IWFND/CATALOGSERVICE;v=2/Vocabularies(TechnicalName='%2FIWBEP%2FVOC_PERSONALDATA',Version='0001',SAP__Origin='S4H')/$value"
		xmlns:edmx="http://docs.oasis-open.org/odata/ns/edmx"><edmx:Include Namespace="com.sap.vocabularies.PersonalData.v1" Alias="PersonalData"/></edmx:Reference>
	<edmx:DataServices m:DataServiceVersion="2.0">
		<Schema Namespace="cds_xsaaqxz_sd_infraction" xml:lang="en" sap:schema-version="1" xmlns="http://schemas.microsoft.com/ado/2008/09/edm">
			<EntityType Name="xSAAQxZ_C_INFRACTIONType" sap:label="Infraction Details" sap:content-version="1">
				<Key><PropertyRef Name="db_key"/></Key><Property Name="db_key" Type="Edm.Guid" Nullable="false" sap:label="NodeID" sap:heading=""/><Property Name="infraction_id" Type="Edm.String" MaxLength="12" sap:label="Infraction Id" sap:quickinfo="Infraction ID"
					sap:creatable="false" sap:updatable="false"/><Property Name="ext_reference" Type="Edm.String" MaxLength="40" sap:label="External Reference"/><Property Name="other_ext_reference" Type="Edm.String" MaxLength="40" sap:label="Oth Extern Reference"
					sap:quickinfo="Infraction Other External Reference"/><Property Name="old_infraction_id" Type="Edm.String" MaxLength="50" sap:label="Old Infraction Id" sap:quickinfo="Old Infraction ID"/><Property Name="infraction_category" Type="Edm.String" MaxLength="8" sap:display-format="UpperCase" sap:label="Infraction Category"/><Property Name="infraction_type" Type="Edm.String" MaxLength="6" sap:display-format="UpperCase" sap:label="Infraction Type"
					sap:value-list="fixed-values"/><Property Name="event_id" Type="Edm.String" MaxLength="12" sap:display-format="UpperCase" sap:label="Notification"
					sap:quickinfo="Notification Number"/><Property Name="event_task_id" Type="Edm.String" MaxLength="4" sap:display-format="NonNegative" sap:label="Task"
					sap:quickinfo="Event Task ID"/><Property Name="creation_date" Type="Edm.DateTime" Precision="0" sap:display-format="Date" sap:label="Infrac Creation Date"
					sap:quickinfo="Infraction Creation Date"/><Property Name="update_date" Type="Edm.DateTime" Precision="0" sap:display-format="Date" sap:label="Infrac Updation Date"
					sap:quickinfo="Infraction Updation Date"/><Property Name="commission_time" Type="Edm.DateTimeOffset" Precision="7" sap:label="Inf Commission Time"
					sap:quickinfo="Infraction Commission Time"/><Property Name="guilt_time" Type="Edm.DateTimeOffset" Precision="7" sap:label="Infractio Guilt Time" sap:quickinfo="Infraction Guilt Time"/><Property Name="closing_date" Type="Edm.DateTime" Precision="0" sap:display-format="Date" sap:label="Infract Closing Date"
					sap:quickinfo="Infraction Closing Date"/><Property Name="payment_date" Type="Edm.DateTime" Precision="0" sap:display-format="Date" sap:label="Infract Payment Date"
					sap:quickinfo="Infraction Payment Date"/><Property Name="alco_flag" Type="Edm.Boolean" sap:display-format="UpperCase" sap:label="Infract Alcohol Ind"
					sap:quickinfo="Infraction Alcohol Indicator"/><Property Name="equivalence_flag" Type="Edm.Boolean" sap:display-format="UpperCase" sap:label="Inf Equivalence Ind"
					sap:quickinfo="Infraction Equivalence Indicator"/><Property Name="facaf" Type="Edm.Boolean" sap:display-format="UpperCase" sap:label="Inf Drive Under Inf"
					sap:quickinfo="Infraction Drive Under Influence"/><Property Name="high_speed_flag" Type="Edm.Boolean" sap:display-format="UpperCase" sap:label="Inf High Speed Ind"
					sap:quickinfo="Infraction High Speed Indicator"/><Property Name="pardon_flag" Type="Edm.Boolean" sap:display-format="UpperCase" sap:label="Inf Pardon Indicator"
					sap:quickinfo="Infraction Pardon Indicator"/><Property Name="heavy_veh_flag" Type="Edm.Boolean" sap:display-format="UpperCase" sap:label="Inf HeavyVehicle Ind"
					sap:quickinfo="Infraction Heavy Vehicle Indicator"/><Property Name="car_brand" Type="Edm.String" MaxLength="20" sap:label="Infraction Car Brand"/><Property Name="car_model" Type="Edm.String" MaxLength="30" sap:label="Infraction Car Model"/><Property Name="partner" Type="Edm.String" MaxLength="10" sap:display-format="UpperCase" sap:label="Partner"
					sap:quickinfo="Business Partner Number" sap:value-list="standard"/><Property Name="equnr" Type="Edm.String" MaxLength="18" sap:display-format="UpperCase" sap:label="Equipment"
					sap:quickinfo="Equipment Number"/><Property Name="plate" Type="Edm.String" MaxLength="8" sap:label="Infraction Plate"/><Property Name="state" Type="Edm.String" MaxLength="2" sap:display-format="UpperCase" sap:label="Plate Authority"
					sap:quickinfo="Vehicle Plate Registration Authority"/><Property Name="infraction_status" Type="Edm.String" MaxLength="2" sap:display-format="UpperCase" sap:label="Infraction Status"/><Property Name="real_speed" Type="Edm.Decimal" Precision="8" Scale="0" sap:label="Infract Real Speed" sap:quickinfo="Infraction Real Speed"/><Property Name="allowed_speed" Type="Edm.Decimal" Precision="8" Scale="0" sap:label="Infrac Allowed Speed"
					sap:quickinfo="Infraction Allowed Speed"/><Property Name="speed_unit" Type="Edm.String" MaxLength="3" sap:label="Infraction Speed UoM" sap:quickinfo="Speed Unit of Measure"
					sap:semantics="unit-of-measure"/><Property Name="real_mass" Type="Edm.Decimal" Precision="8" Scale="2" sap:label="Infraction Real Mass"/><Property Name="allowed_mass" Type="Edm.Decimal" Precision="8" Scale="2" sap:label="Infract Allowed Mass"
					sap:quickinfo="Infraction Allowed Mass"/><Property Name="mass_unit" Type="Edm.String" MaxLength="3" sap:label="Mass UoM" sap:quickinfo="Mass Unit of Measure"
					sap:semantics="unit-of-measure"/><Property Name="real_dimension" Type="Edm.Decimal" Precision="8" Scale="2" sap:label="Infra Real Dimension"
					sap:quickinfo="Infraction Real Dimension"/><Property Name="allowed_dimension" Type="Edm.Decimal" Precision="8" Scale="2" sap:label="Inf AllowedDimension"
					sap:quickinfo="Infraction Allowed Dimension"/><Property Name="dimension_unit" Type="Edm.String" MaxLength="3" sap:label="Dimension UoM" sap:quickinfo="Dimension Unit of Measure"
					sap:semantics="unit-of-measure"/><Property Name="accident_id" Type="Edm.String" MaxLength="12" sap:label="Infract Accident Id" sap:quickinfo="Infraction Accident ID"/><Property Name="infraction_amount" Type="Edm.Decimal" Precision="16" Scale="3" sap:label="Infraction Amount"/><Property Name="currency" Type="Edm.String" MaxLength="5" sap:label="Infraction Currency" sap:semantics="currency-code"/><Property Name="speed_zone_type" Type="Edm.String" MaxLength="2" sap:display-format="UpperCase" sap:label="Speed Zone Type"
					sap:quickinfo="Infraction Speed Zone Type"/><Property Name="regulation_id" Type="Edm.String" MaxLength="10" sap:label="Regulation Id"/><Property Name="regulation_code" Type="Edm.String" MaxLength="20" sap:label="Regulation Code"/><Property Name="regulation_paragraph" Type="Edm.String" MaxLength="20" sap:label="Regulation Paragraph"/><Property Name="regulation_line" Type="Edm.String" MaxLength="16" sap:label="Regulation Line"/><Property Name="ext_regulation_id" Type="Edm.String" MaxLength="10" sap:label="Regulation Id"/><Property Name="ext_regulation_code" Type="Edm.String" MaxLength="20" sap:label="Regulation Code"/><Property Name="recidivism_count" Type="Edm.Int16" sap:label="Inf Recidivism Count" sap:quickinfo="Infraction Recidivism Count"/><Property Name="initial_demerit_point_count" Type="Edm.Int16" sap:label="Init Demerit Pt Cnt"
					sap:quickinfo="Infraction Initial Demerit Point Count"/><Property Name="real_demerit_point_count" Type="Edm.Int16" sap:label="Real Demerit Pt Cnt"
					sap:quickinfo="Infraction Real Demerit Point Count"/><Property Name="actual_demerit_point_count" Type="Edm.Int16" sap:label="ActualDemerit Pt Cnt"
					sap:quickinfo="Infraction Actual Demerit Point Count"/><Property Name="parti_demerit_point_count" Type="Edm.Int16" sap:label="ParticDemerit Pt Cnt"
					sap:quickinfo="Infraction Participant Demerit Point Count"/><Property Name="served_demerit_point_count" Type="Edm.Int16" sap:label="ServedDemerit Pt Cnt"
					sap:quickinfo="Infraction Served Demerit Point Count"/><Property Name="demerit_point_type" Type="Edm.String" MaxLength="2" sap:display-format="UpperCase" sap:label="Demerit Points Type"
					sap:quickinfo="Infraction Demerit Points Type"/><Property Name="relation_chg_date_time" Type="Edm.DateTimeOffset" Precision="7" sap:label="Time Stamp"
					sap:quickinfo="UTC Time Stamp in Long Form (YYYYMMDDhhmmssmmmuuun)"/><Property Name="archiving_status" Type="Edm.String" MaxLength="2" sap:display-format="UpperCase" sap:label="Archiving Status"/><Property Name="codification" Type="Edm.String" MaxLength="8" sap:display-format="UpperCase" sap:label="Situation Code"/><Property Name="defender_type" Type="Edm.String" MaxLength="2" sap:display-format="UpperCase" sap:label="Defender Type"/><Property Name="vehicle_type" Type="Edm.String" MaxLength="2" sap:display-format="UpperCase" sap:label="Vehicle Type"/><Property Name="minimal_amount" Type="Edm.Decimal" Precision="16" Scale="3" sap:label="Infraction MinAmount"
					sap:quickinfo="Infraction Minimal Amount"/><Property Name="fees_amount" Type="Edm.Decimal" Precision="16" Scale="3" sap:label="Infraction FeeAmount"
					sap:quickinfo="Infraction Fees Amount"/><Property Name="contribution_amount" Type="Edm.Decimal" Precision="16" Scale="3" sap:label="Infraction ConAmount"
					sap:quickinfo="Infraction Contribution Amount"/><Property Name="commision_start_time" Type="Edm.DateTimeOffset" Precision="7" sap:label="Inf Comm Start Time"
					sap:quickinfo="Infraction Commission Start Time"/><Property Name="deletion_flag" Type="Edm.Boolean" sap:display-format="UpperCase" sap:label="Deletion"
					sap:quickinfo="Indicator: Generate Deletion Record"/><Property Name="crea_date_time" Type="Edm.DateTimeOffset" Precision="7" sap:label="Time Stamp"
					sap:quickinfo="UTC Time Stamp in Long Form (YYYYMMDDhhmmssmmmuuun)"/><Property Name="lchg_date_time" Type="Edm.DateTimeOffset" Precision="7" sap:label="Time Stamp"
					sap:quickinfo="UTC Time Stamp in Long Form (YYYYMMDDhhmmssmmmuuun)"/><Property Name="lchg_uname" Type="Edm.String" MaxLength="12" sap:display-format="UpperCase" sap:label="User Name"/><NavigationProperty Name="to_typ" Relationship="cds_xsaaqxz_sd_infraction.assoc_891895CAA5D7C8A181F433E8EB6D749D"
					FromRole="FromRole_assoc_891895CAA5D7C8A181F433E8EB6D749D" ToRole="ToRole_assoc_891895CAA5D7C8A181F433E8EB6D749D"/></EntityType>
			<EntityType Name="InfractionFieldsType" sap:label="View to get Infraction fields" sap:content-version="1">
				<Key><PropertyRef Name="TechnicalField"/></Key><Property Name="TechnicalField" Type="Edm.String" Nullable="false" MaxLength="30"/><Property Name="FieldName" Type="Edm.String" MaxLength="60" sap:label="Short Description"
					sap:quickinfo="Short Description of Repository Objects"/><Property Name="DataType" Type="Edm.String" MaxLength="4"/><Property Name="InternalLength" Type="Edm.String" MaxLength="6" sap:display-format="NonNegative" sap:label="No. of Characters"
					sap:quickinfo="Length (No. of Characters)"/><Property Name="Decimals" Type="Edm.String" MaxLength="6" sap:display-format="NonNegative" sap:label="Decimal Places"
					sap:quickinfo="Number of Decimal Places"/><Property Name="OutputLength" Type="Edm.String" MaxLength="6" sap:display-format="NonNegative" sap:label="Output Length"/><Property Name="DataElement" Type="Edm.String" MaxLength="30" sap:display-format="UpperCase" sap:label="Data element"
					sap:quickinfo="Data element (semantic domain)"/></EntityType>
			<EntityType Name="xSAAQxZ_I_INFRACTIONTYPE_DESCType" sap:label="CDS for Infraction Type Description" sap:content-version="1">
				<Key><PropertyRef Name="langu"/><PropertyRef Name="infraction_type"/></Key><Property Name="langu" Type="Edm.String" Nullable="false" MaxLength="2" sap:label="Language ID"/><Property Name="infraction_type" Type="Edm.String" Nullable="false" MaxLength="6" sap:display-format="UpperCase" sap:label="Infraction Type"/><Property Name="infraction_type_desc" Type="Edm.String" MaxLength="80" sap:label="Type Description"
					sap:quickinfo="Infraction Type Description"/></EntityType>
			<EntityType Name="I_BusinessPartnerType" sap:label="Business Partner" sap:value-list="true" sap:content-version="1">
				<Key><PropertyRef Name="BusinessPartner"/></Key><Property Name="BusinessPartner" Type="Edm.String" Nullable="false" MaxLength="10" sap:display-format="UpperCase"
					sap:text="BusinessPartnerName" sap:label="Business Partner" sap:quickinfo="Business Partner Number"/><Property Name="BusinessPartnerCategory" Type="Edm.String" MaxLength="1" sap:display-format="UpperCase" sap:label="BP Category"
					sap:quickinfo="Business Partner Category"/><Property Name="AuthorizationGroup" Type="Edm.String" MaxLength="4" sap:display-format="UpperCase" sap:label="Authorization Group"/><Property Name="BusinessPartnerUUID" Type="Edm.Guid" sap:label="BP GUID" sap:quickinfo="Business Partner GUID"/><Property Name="PersonNumber" Type="Edm.String" MaxLength="10" sap:display-format="UpperCase" sap:label="Person number"/><Property Name="ETag" Type="Edm.String" MaxLength="26"/><Property Name="BusinessPartnerName" Type="Edm.String" MaxLength="81" sap:label="Business Partner Name"
					sap:quickinfo="BUSINESS PARTNER NAME"/><Property Name="BusinessPartnerFullName" Type="Edm.String" MaxLength="81"/><Property Name="CreatedByUser" Type="Edm.String" MaxLength="12" sap:display-format="UpperCase" sap:label="Created by"
					sap:quickinfo="User who created the object"/><Property Name="CreationDate" Type="Edm.DateTime" Precision="0" sap:display-format="Date" sap:label="Created on"
					sap:quickinfo="Date on which the object was created"/><Property Name="CreationTime" Type="Edm.Time" Precision="0" sap:label="Created at" sap:quickinfo="Time at which the object was created"/><Property Name="LastChangedByUser" Type="Edm.String" MaxLength="12" sap:display-format="UpperCase" sap:label="Changed by"
					sap:quickinfo="Last user to change object"/><Property Name="LastChangeDate" Type="Edm.DateTime" Precision="0" sap:display-format="Date" sap:label="Changed on"
					sap:quickinfo="Date when object was last changed"/><Property Name="LastChangeTime" Type="Edm.Time" Precision="0" sap:label="Changed at" sap:quickinfo="Time at which object was last changed"/><Property Name="BusinessPartnerIsBlocked" Type="Edm.Boolean" sap:display-format="UpperCase" sap:label="Central Block"
					sap:quickinfo="Central Block for Business Partner"/><Property Name="IsBusinessPurposeCompleted" Type="Edm.String" MaxLength="1" sap:display-format="UpperCase" sap:label="Purpose Completed"
					sap:quickinfo="Business Purpose Completed Flag"/><Property Name="FirstName" Type="Edm.String" MaxLength="40" sap:label="First name" sap:quickinfo="First name of business partner (person)"/><Property Name="LastName" Type="Edm.String" MaxLength="40" sap:label="Last name" sap:quickinfo="Last name of business partner (person)"/><Property Name="PersonFullName" Type="Edm.String" MaxLength="80" sap:label="Full Name"/><Property Name="OrganizationBPName1" Type="Edm.String" MaxLength="40" sap:label="Name 1" sap:quickinfo="Name 1 of organization"/><Property Name="OrganizationBPName2" Type="Edm.String" MaxLength="40" sap:label="Name 2" sap:quickinfo="Name 2 of organization"/><Property Name="OrganizationBPName3" Type="Edm.String" MaxLength="40" sap:label="Name 3" sap:quickinfo="Name 3 of organization"/><Property Name="OrganizationBPName4" Type="Edm.String" MaxLength="40" sap:label="Name 4" sap:quickinfo="Name 4 of organization"/><Property Name="InternationalLocationNumber1" Type="Edm.String" MaxLength="7" sap:display-format="NonNegative"
					sap:label="Int. location no. 1" sap:quickinfo="International location number (part 1)"/><Property Name="InternationalLocationNumber2" Type="Edm.String" MaxLength="5" sap:display-format="NonNegative"
					sap:label="Int. location no. 2" sap:quickinfo="International location number (Part 2)"/><Property Name="InternationalLocationNumber3" Type="Edm.String" MaxLength="1" sap:display-format="NonNegative" sap:label="Check digit"
					sap:quickinfo="Check digit for the international location number"/><Property Name="LegalForm" Type="Edm.String" MaxLength="2" sap:display-format="UpperCase" sap:label="Legal form"
					sap:quickinfo="BP: Legal form of organization"/><Property Name="OrganizationFoundationDate" Type="Edm.DateTime" Precision="0" sap:display-format="Date" sap:label="Date founded"
					sap:quickinfo="Date organization founded"/><Property Name="OrganizationLiquidationDate" Type="Edm.DateTime" Precision="0" sap:display-format="Date" sap:label="Liquidation date"
					sap:quickinfo="Liquidation date of organization"/><Property Name="Industry" Type="Edm.String" MaxLength="10" sap:display-format="UpperCase" sap:label="Industry sector"/><Property Name="IsNaturalPerson" Type="Edm.String" MaxLength="1" sap:display-format="UpperCase" sap:label="Natural Person"
					sap:quickinfo="Business Partner Is a Natural Person Under the Tax Laws"/><Property Name="IsFemale" Type="Edm.Boolean" sap:display-format="UpperCase" sap:label="Female"
					sap:quickinfo="Selection: Business partner is female"/><Property Name="IsMale" Type="Edm.Boolean" sap:display-format="UpperCase" sap:label="Male"
					sap:quickinfo="Selection: Business partner is male"/><Property Name="IsSexUnknown" Type="Edm.Boolean" sap:display-format="UpperCase" sap:label="Unknown"
					sap:quickinfo="Selection: Sex of business partner is not known"/><Property Name="FormOfAddress" Type="Edm.String" MaxLength="4" sap:display-format="UpperCase" sap:label="Title"
					sap:quickinfo="Form-of-Address Key"/><Property Name="AcademicTitle" Type="Edm.String" MaxLength="4" sap:display-format="UpperCase" sap:text="AcademicTitle_Text"
					sap:label="Academic Title 1" sap:quickinfo="Academic Title: Key"/><Property Name="AcademicTitle_Text" Type="Edm.String" MaxLength="40" sap:label="Academ. title descr."
					sap:quickinfo="Academic title description" sap:creatable="false" sap:updatable="false"/><Property Name="AcademicTitle2" Type="Edm.String" MaxLength="4" sap:display-format="UpperCase" sap:label="2nd academic title"
					sap:quickinfo="Second academic title (key)"/><Property Name="NameFormat" Type="Edm.String" MaxLength="2" sap:display-format="UpperCase" sap:label="Name Format"
					sap:quickinfo="Name format"/><Property Name="NameCountry" Type="Edm.String" MaxLength="3" sap:display-format="UpperCase" sap:label="Country for format"
					sap:quickinfo="Country for Name Format Rule"/><Property Name="BusinessPartnerGrouping" Type="Edm.String" MaxLength="4" sap:display-format="UpperCase" sap:label="Grouping"
					sap:quickinfo="Business Partner Grouping"/><Property Name="BusinessPartnerType" Type="Edm.String" MaxLength="4" sap:display-format="UpperCase" sap:label="BP Type"
					sap:quickinfo="Business Partner Type"/><Property Name="MiddleName" Type="Edm.String" MaxLength="40" sap:label="Middle Name"
					sap:quickinfo="Middle name or second forename of a person"/><Property Name="AdditionalLastName" Type="Edm.String" MaxLength="40" sap:label="Other Last Name" sap:quickinfo="Other Last Name of a Person"/><Property Name="GroupBusinessPartnerName1" Type="Edm.String" MaxLength="40" sap:label="Name 1" sap:quickinfo="Name 1 (group)"/><Property Name="GroupBusinessPartnerName2" Type="Edm.String" MaxLength="40" sap:label="Name 2" sap:quickinfo="Name 2 (group)"/><Property Name="CorrespondenceLanguage" Type="Edm.String" MaxLength="2" sap:label="Correspondence lang."
					sap:quickinfo="Business Partner: Correspondence Language"/><Property Name="Language" Type="Edm.String" MaxLength="2" sap:label="Language" sap:quickinfo="Business partner: Language"/><Property Name="SearchTerm1" Type="Edm.String" MaxLength="20" sap:display-format="UpperCase" sap:label="Search term 1"
					sap:quickinfo="Search term 1 for business partner"/><Property Name="SearchTerm2" Type="Edm.String" MaxLength="20" sap:display-format="UpperCase" sap:label="Search term 2"
					sap:quickinfo="Search term 2 for business partner"/><Property Name="BPLastNameSearchHelp" Type="Edm.String" MaxLength="35" sap:display-format="UpperCase" sap:label="Name 1/Last Name"
					sap:quickinfo="Search Help Field 1 (Name 1/Last Name)"/><Property Name="BPFirstNameSearchHelp" Type="Edm.String" MaxLength="35" sap:display-format="UpperCase" sap:label="Name 2/First name"
					sap:quickinfo="Search Help Field 2 (Name 2/First Name)"/><Property Name="BusinessPartnerNicknameLabel" Type="Edm.String" MaxLength="40" sap:label="Known As"
					sap:quickinfo="Nickname of Business Partner (Person)"/><Property Name="IndependentAddressID" Type="Edm.String" MaxLength="10" sap:display-format="UpperCase" sap:label="Address Number"/><Property Name="IsActiveEntity" Type="Edm.Boolean" sap:display-format="UpperCase" sap:label="Is active"
					sap:quickinfo="Draft - Indicator - Is active document"/><Property Name="BirthDate" Type="Edm.DateTime" Precision="0" sap:display-format="Date" sap:label="Date of Birth"
					sap:quickinfo="Date of Birth of Business Partner"/><Property Name="IsMarkedForArchiving" Type="Edm.Boolean" sap:display-format="UpperCase" sap:label="Archiving Flag"
					sap:quickinfo="Central Archiving Flag"/><Property Name="ContactPermission" Type="Edm.String" MaxLength="1" sap:display-format="UpperCase" sap:label="Contact"
					sap:quickinfo="Business Partner: Contact Permission"/><Property Name="BusinessPartnerIDByExtSystem" Type="Edm.String" MaxLength="20" sap:display-format="UpperCase" sap:label="External BP Number"
					sap:quickinfo="Business Partner Number in External System"/><Property Name="LegalEntityOfOrganization" Type="Edm.String" MaxLength="2" sap:display-format="UpperCase" sap:label="Legal entity"
					sap:quickinfo="Legal Entity of Organization"/><Property Name="TrdCmplncLicenseIsMilitarySctr" Type="Edm.Boolean" sap:display-format="UpperCase" sap:label="Military use"
					sap:quickinfo="ID for mainly military use"/><Property Name="TrdCmplncLicenseIsNuclearSctr" Type="Edm.String" MaxLength="1" sap:display-format="UpperCase" sap:label="Nuclear Sector"
					sap:quickinfo="Nuclear Sector (Indicator)"/><Property Name="BusinessPartnerPrintFormat" Type="Edm.String" MaxLength="1" sap:display-format="UpperCase" sap:label="Print Format"
					sap:quickinfo="Business Partner Print Format"/><Property Name="BusinessPartnerDataOriginType" Type="Edm.String" MaxLength="4" sap:display-format="UpperCase" sap:label="Data Origin"
					sap:quickinfo="Data Origin Types"/><Property Name="BusinessPartnerIsNotReleased" Type="Edm.Boolean" sap:display-format="UpperCase" sap:label="Not Released"
					sap:quickinfo="Indicator: Not Released"/><Property Name="IsNotContractuallyCapable" Type="Edm.Boolean" sap:display-format="UpperCase" sap:label="Not Legally Competnt"
					sap:quickinfo="Indicator: Not Legally Competent"/><Property Name="BusinessPartnerOccupation" Type="Edm.String" MaxLength="4" sap:display-format="UpperCase" sap:label="Occupation"
					sap:quickinfo="Occupation/group"/><Property Name="BusPartMaritalStatus" Type="Edm.String" MaxLength="1" sap:display-format="UpperCase" sap:label="Marital Status"
					sap:quickinfo="Marital Status of Business Partner"/><Property Name="BusPartNationality" Type="Edm.String" MaxLength="3" sap:display-format="UpperCase" sap:label="Nationality"/><Property Name="zzfirst_name3" Type="Edm.String" MaxLength="40" sap:label="3rd first name"/><Property Name="zzfirst_name4" Type="Edm.String" MaxLength="40" sap:label="4th first name"/><Property Name="zzeyecolor" Type="Edm.String" MaxLength="4" sap:display-format="UpperCase" sap:label="Eye color"/><Property Name="zzheight" Type="Edm.String" MaxLength="3" sap:display-format="NonNegative" sap:label="Height (cm)"/><Property Name="zzdtemig" Type="Edm.DateTime" Precision="0" sap:display-format="Date" sap:label=""/><Property Name="zzidenconf" Type="Edm.Boolean" sap:display-format="UpperCase" sap:label="Identity confirmed"/><Property Name="zzeligconf" Type="Edm.Boolean" sap:display-format="UpperCase" sap:label="Eligibility confirm"
					sap:quickinfo="Eligibility confirmed"/><Property Name="zzancnom" Type="Edm.String" MaxLength="60" sap:display-format="UpperCase" sap:label="Old name"/><Property Name="zzregpdi" Type="Edm.String" MaxLength="2" sap:display-format="UpperCase" sap:label="PDI regime"/><Property Name="xsaaqxf0000" Type="Edm.Boolean" sap:display-format="UpperCase" sap:label="Certificate of known"
					sap:quickinfo="Certificate of known presence in Canada"/><Property Name="xsaaqxresidperm" Type="Edm.Boolean" sap:display-format="UpperCase" sap:label="Permanent resident c"
					sap:quickinfo="Permanent resident card"/><Property Name="xsaaqxzcarassur" Type="Edm.Boolean" sap:display-format="UpperCase" sap:label="Passport card"/><Property Name="xsaaqxcertameri" Type="Edm.String" MaxLength="3" sap:display-format="UpperCase" sap:label="U.S. birth certifica"
					sap:quickinfo="U.S. birth certificate"/><Property Name="xsaaqxzpermiadm" Type="Edm.String" MaxLength="3" sap:display-format="UpperCase" sap:label="Driving licence"
					sap:quickinfo="Driving licence with photo issued by another administration"/><Property Name="xsaaqxzpidorgan" Type="Edm.Boolean" sap:display-format="UpperCase" sap:label="Identity document"
					sap:quickinfo="Identity document issued by an organization"/><Property Name="xsaaqxzidarmyca" Type="Edm.Boolean" sap:display-format="UpperCase" sap:label="Identity card"
					sap:quickinfo="Identity card of a member of the Canadian Armed Forces"/><Property Name="xsaaqxcertindie" Type="Edm.Boolean" sap:display-format="UpperCase" sap:label="Certificate of India"
					sap:quickinfo="Certificate of Indian Status"/><Property Name="xsaaqxzassucann" Type="Edm.String" MaxLength="3" sap:display-format="UpperCase" sap:label="Canadian health"
					sap:quickinfo="Canadian health insurance card (other than Québec)"/><Property Name="xsaaqxzcitocann" Type="Edm.Boolean" sap:display-format="UpperCase" sap:label="Certificate of Canad"
					sap:quickinfo="Certificate of Canadian citizenship"/><Property Name="xsaaqxzcertcann" Type="Edm.String" MaxLength="3" sap:display-format="UpperCase" sap:label="Birth certificate"
					sap:quickinfo="Birth certificate of a Canadian province or territory"/><Property Name="xsaaqxzpassport" Type="Edm.String" MaxLength="3" sap:display-format="UpperCase" sap:label="Passport"/><Property Name="xsaaqxzcertnaqc" Type="Edm.Boolean" sap:display-format="UpperCase" sap:label="Québec birth certifi"
					sap:quickinfo="Québec birth certificate"/><Property Name="xsaaqxzcarassum" Type="Edm.Boolean" sap:display-format="UpperCase" sap:label="Québec health insura"
					sap:quickinfo="Québec health insurance card"/><Property Name="xsaaqxzpermi_co" Type="Edm.String" MaxLength="3" sap:display-format="UpperCase" sap:label="LicenseCountry US/CA"
					sap:quickinfo="Driving Licence Country US/CA"/><Property Name="deathdt" Type="Edm.DateTime" Precision="0" sap:display-format="Date" sap:label="Death date"
					sap:quickinfo="Date of death of business partner"/></EntityType>
			<Association Name="assoc_891895CAA5D7C8A181F433E8EB6D749D" sap:content-version="1"><End Type="cds_xsaaqxz_sd_infraction.xSAAQxZ_C_INFRACTIONType" Multiplicity="1" Role="FromRole_assoc_891895CAA5D7C8A181F433E8EB6D749D"/><End Type="cds_xsaaqxz_sd_infraction.xSAAQxZ_I_INFRACTIONTYPE_DESCType" Multiplicity="0..1"
				Role="ToRole_assoc_891895CAA5D7C8A181F433E8EB6D749D"/></Association>
			<EntityContainer Name="cds_xsaaqxz_sd_infraction_Entities" m:IsDefaultEntityContainer="true" sap:message-scope-supported="true"
				sap:supported-formats="atom json xlsx"><EntitySet Name="xSAAQxZ_C_INFRACTION" EntityType="cds_xsaaqxz_sd_infraction.xSAAQxZ_C_INFRACTIONType" sap:creatable="false"
				sap:deletable="false" sap:content-version="1"/><EntitySet Name="InfractionFields" EntityType="cds_xsaaqxz_sd_infraction.InfractionFieldsType" sap:creatable="false" sap:updatable="false"
				sap:deletable="false" sap:content-version="1"/><EntitySet Name="xSAAQxZ_I_INFRACTIONTYPE_DESC" EntityType="cds_xsaaqxz_sd_infraction.xSAAQxZ_I_INFRACTIONTYPE_DESCType"
				sap:creatable="false" sap:updatable="false" sap:deletable="false" sap:content-version="1"/><EntitySet Name="I_BusinessPartner" EntityType="cds_xsaaqxz_sd_infraction.I_BusinessPartnerType" sap:creatable="false" sap:updatable="false"
				sap:deletable="false" sap:content-version="1"/>
				<AssociationSet Name="assoc_891895CAA5D7C8A181F433E8EB6D749D" Association="cds_xsaaqxz_sd_infraction.assoc_891895CAA5D7C8A181F433E8EB6D749D"
					sap:creatable="false" sap:updatable="false" sap:deletable="false" sap:content-version="1"><End EntitySet="xSAAQxZ_C_INFRACTION" Role="FromRole_assoc_891895CAA5D7C8A181F433E8EB6D749D"/><End EntitySet="xSAAQxZ_I_INFRACTIONTYPE_DESC" Role="ToRole_assoc_891895CAA5D7C8A181F433E8EB6D749D"/></AssociationSet>
			</EntityContainer>
			<Annotations Target="cds_xsaaqxz_sd_infraction.xSAAQxZ_C_INFRACTIONType/infraction_type" xmlns="http://docs.oasis-open.org/odata/ns/edm">
				<Annotation Term="Common.ValueList">
					<Record><PropertyValue Property="Label" String="CDS for Infraction Type Description"/><PropertyValue Property="CollectionPath" String="xSAAQxZ_I_INFRACTIONTYPE_DESC"/><PropertyValue Property="SearchSupported" Bool="false"/>
						<PropertyValue Property="Parameters">
							<Collection>
								<Record Type="Common.ValueListParameterInOut"><PropertyValue Property="LocalDataProperty" PropertyPath="infraction_type"/><PropertyValue Property="ValueListProperty" String="infraction_type"/></Record>
								<Record Type="Common.ValueListParameterDisplayOnly"><PropertyValue Property="ValueListProperty" String="langu"/></Record>
								<Record Type="Common.ValueListParameterDisplayOnly"><PropertyValue Property="ValueListProperty" String="infraction_type_desc"/></Record>
							</Collection>
						</PropertyValue>
					</Record>
				</Annotation>
			</Annotations>
			<Annotations Target="cds_xsaaqxz_sd_infraction.xSAAQxZ_C_INFRACTIONType/partner" xmlns="http://docs.oasis-open.org/odata/ns/edm">
				<Annotation Term="Common.ValueList">
					<Record><PropertyValue Property="Label" String="Business Partner"/><PropertyValue Property="CollectionPath" String="I_BusinessPartner"/><PropertyValue Property="SearchSupported" Bool="false"/>
						<PropertyValue Property="Parameters">
							<Collection>
								<Record Type="Common.ValueListParameterInOut"><PropertyValue Property="LocalDataProperty" PropertyPath="partner"/><PropertyValue Property="ValueListProperty" String="BusinessPartner"/></Record>
								<Record Type="Common.ValueListParameterDisplayOnly"><PropertyValue Property="ValueListProperty" String="BusinessPartnerCategory"/></Record>
								<Record Type="Common.ValueListParameterDisplayOnly"><PropertyValue Property="ValueListProperty" String="AuthorizationGroup"/></Record>
								<Record Type="Common.ValueListParameterDisplayOnly"><PropertyValue Property="ValueListProperty" String="BusinessPartnerUUID"/></Record>
								<Record Type="Common.ValueListParameterDisplayOnly"><PropertyValue Property="ValueListProperty" String="PersonNumber"/></Record>
								<Record Type="Common.ValueListParameterDisplayOnly"><PropertyValue Property="ValueListProperty" String="ETag"/></Record>
								<Record Type="Common.ValueListParameterDisplayOnly"><PropertyValue Property="ValueListProperty" String="BusinessPartnerName"/></Record>
								<Record Type="Common.ValueListParameterDisplayOnly"><PropertyValue Property="ValueListProperty" String="BusinessPartnerFullName"/></Record>
								<Record Type="Common.ValueListParameterDisplayOnly"><PropertyValue Property="ValueListProperty" String="CreatedByUser"/></Record>
								<Record Type="Common.ValueListParameterDisplayOnly"><PropertyValue Property="ValueListProperty" String="CreationDate"/></Record>
								<Record Type="Common.ValueListParameterDisplayOnly"><PropertyValue Property="ValueListProperty" String="CreationTime"/></Record>
								<Record Type="Common.ValueListParameterDisplayOnly"><PropertyValue Property="ValueListProperty" String="LastChangedByUser"/></Record>
								<Record Type="Common.ValueListParameterDisplayOnly"><PropertyValue Property="ValueListProperty" String="LastChangeDate"/></Record>
								<Record Type="Common.ValueListParameterDisplayOnly"><PropertyValue Property="ValueListProperty" String="LastChangeTime"/></Record>
								<Record Type="Common.ValueListParameterDisplayOnly"><PropertyValue Property="ValueListProperty" String="BusinessPartnerIsBlocked"/></Record>
								<Record Type="Common.ValueListParameterDisplayOnly"><PropertyValue Property="ValueListProperty" String="IsBusinessPurposeCompleted"/></Record>
								<Record Type="Common.ValueListParameterDisplayOnly"><PropertyValue Property="ValueListProperty" String="FirstName"/></Record>
								<Record Type="Common.ValueListParameterDisplayOnly"><PropertyValue Property="ValueListProperty" String="LastName"/></Record>
								<Record Type="Common.ValueListParameterDisplayOnly"><PropertyValue Property="ValueListProperty" String="PersonFullName"/></Record>
								<Record Type="Common.ValueListParameterDisplayOnly"><PropertyValue Property="ValueListProperty" String="OrganizationBPName1"/></Record>
								<Record Type="Common.ValueListParameterDisplayOnly"><PropertyValue Property="ValueListProperty" String="OrganizationBPName2"/></Record>
								<Record Type="Common.ValueListParameterDisplayOnly"><PropertyValue Property="ValueListProperty" String="OrganizationBPName3"/></Record>
								<Record Type="Common.ValueListParameterDisplayOnly"><PropertyValue Property="ValueListProperty" String="OrganizationBPName4"/></Record>
								<Record Type="Common.ValueListParameterDisplayOnly"><PropertyValue Property="ValueListProperty" String="InternationalLocationNumber1"/></Record>
								<Record Type="Common.ValueListParameterDisplayOnly"><PropertyValue Property="ValueListProperty" String="InternationalLocationNumber2"/></Record>
								<Record Type="Common.ValueListParameterDisplayOnly"><PropertyValue Property="ValueListProperty" String="InternationalLocationNumber3"/></Record>
								<Record Type="Common.ValueListParameterDisplayOnly"><PropertyValue Property="ValueListProperty" String="LegalForm"/></Record>
								<Record Type="Common.ValueListParameterDisplayOnly"><PropertyValue Property="ValueListProperty" String="OrganizationFoundationDate"/></Record>
								<Record Type="Common.ValueListParameterDisplayOnly"><PropertyValue Property="ValueListProperty" String="OrganizationLiquidationDate"/></Record>
								<Record Type="Common.ValueListParameterDisplayOnly"><PropertyValue Property="ValueListProperty" String="Industry"/></Record>
								<Record Type="Common.ValueListParameterDisplayOnly"><PropertyValue Property="ValueListProperty" String="IsNaturalPerson"/></Record>
								<Record Type="Common.ValueListParameterDisplayOnly"><PropertyValue Property="ValueListProperty" String="IsFemale"/></Record>
								<Record Type="Common.ValueListParameterDisplayOnly"><PropertyValue Property="ValueListProperty" String="IsMale"/></Record>
								<Record Type="Common.ValueListParameterDisplayOnly"><PropertyValue Property="ValueListProperty" String="IsSexUnknown"/></Record>
								<Record Type="Common.ValueListParameterDisplayOnly"><PropertyValue Property="ValueListProperty" String="FormOfAddress"/></Record>
								<Record Type="Common.ValueListParameterDisplayOnly"><PropertyValue Property="ValueListProperty" String="AcademicTitle"/></Record>
								<Record Type="Common.ValueListParameterDisplayOnly"><PropertyValue Property="ValueListProperty" String="AcademicTitle_Text"/></Record>
								<Record Type="Common.ValueListParameterDisplayOnly"><PropertyValue Property="ValueListProperty" String="AcademicTitle2"/></Record>
								<Record Type="Common.ValueListParameterDisplayOnly"><PropertyValue Property="ValueListProperty" String="NameFormat"/></Record>
								<Record Type="Common.ValueListParameterDisplayOnly"><PropertyValue Property="ValueListProperty" String="NameCountry"/></Record>
								<Record Type="Common.ValueListParameterDisplayOnly"><PropertyValue Property="ValueListProperty" String="BusinessPartnerGrouping"/></Record>
								<Record Type="Common.ValueListParameterDisplayOnly"><PropertyValue Property="ValueListProperty" String="BusinessPartnerType"/></Record>
								<Record Type="Common.ValueListParameterDisplayOnly"><PropertyValue Property="ValueListProperty" String="MiddleName"/></Record>
								<Record Type="Common.ValueListParameterDisplayOnly"><PropertyValue Property="ValueListProperty" String="AdditionalLastName"/></Record>
								<Record Type="Common.ValueListParameterDisplayOnly"><PropertyValue Property="ValueListProperty" String="GroupBusinessPartnerName1"/></Record>
								<Record Type="Common.ValueListParameterDisplayOnly"><PropertyValue Property="ValueListProperty" String="GroupBusinessPartnerName2"/></Record>
								<Record Type="Common.ValueListParameterDisplayOnly"><PropertyValue Property="ValueListProperty" String="CorrespondenceLanguage"/></Record>
								<Record Type="Common.ValueListParameterDisplayOnly"><PropertyValue Property="ValueListProperty" String="Language"/></Record>
								<Record Type="Common.ValueListParameterDisplayOnly"><PropertyValue Property="ValueListProperty" String="SearchTerm1"/></Record>
								<Record Type="Common.ValueListParameterDisplayOnly"><PropertyValue Property="ValueListProperty" String="SearchTerm2"/></Record>
								<Record Type="Common.ValueListParameterDisplayOnly"><PropertyValue Property="ValueListProperty" String="BPLastNameSearchHelp"/></Record>
								<Record Type="Common.ValueListParameterDisplayOnly"><PropertyValue Property="ValueListProperty" String="BPFirstNameSearchHelp"/></Record>
								<Record Type="Common.ValueListParameterDisplayOnly"><PropertyValue Property="ValueListProperty" String="BusinessPartnerNicknameLabel"/></Record>
								<Record Type="Common.ValueListParameterDisplayOnly"><PropertyValue Property="ValueListProperty" String="IndependentAddressID"/></Record>
								<Record Type="Common.ValueListParameterDisplayOnly"><PropertyValue Property="ValueListProperty" String="IsActiveEntity"/></Record>
								<Record Type="Common.ValueListParameterDisplayOnly"><PropertyValue Property="ValueListProperty" String="BirthDate"/></Record>
								<Record Type="Common.ValueListParameterDisplayOnly"><PropertyValue Property="ValueListProperty" String="IsMarkedForArchiving"/></Record>
								<Record Type="Common.ValueListParameterDisplayOnly"><PropertyValue Property="ValueListProperty" String="ContactPermission"/></Record>
								<Record Type="Common.ValueListParameterDisplayOnly"><PropertyValue Property="ValueListProperty" String="BusinessPartnerIDByExtSystem"/></Record>
								<Record Type="Common.ValueListParameterDisplayOnly"><PropertyValue Property="ValueListProperty" String="LegalEntityOfOrganization"/></Record>
								<Record Type="Common.ValueListParameterDisplayOnly"><PropertyValue Property="ValueListProperty" String="TrdCmplncLicenseIsMilitarySctr"/></Record>
								<Record Type="Common.ValueListParameterDisplayOnly"><PropertyValue Property="ValueListProperty" String="TrdCmplncLicenseIsNuclearSctr"/></Record>
								<Record Type="Common.ValueListParameterDisplayOnly"><PropertyValue Property="ValueListProperty" String="BusinessPartnerPrintFormat"/></Record>
								<Record Type="Common.ValueListParameterDisplayOnly"><PropertyValue Property="ValueListProperty" String="BusinessPartnerDataOriginType"/></Record>
								<Record Type="Common.ValueListParameterDisplayOnly"><PropertyValue Property="ValueListProperty" String="BusinessPartnerIsNotReleased"/></Record>
								<Record Type="Common.ValueListParameterDisplayOnly"><PropertyValue Property="ValueListProperty" String="IsNotContractuallyCapable"/></Record>
								<Record Type="Common.ValueListParameterDisplayOnly"><PropertyValue Property="ValueListProperty" String="BusinessPartnerOccupation"/></Record>
								<Record Type="Common.ValueListParameterDisplayOnly"><PropertyValue Property="ValueListProperty" String="BusPartMaritalStatus"/></Record>
								<Record Type="Common.ValueListParameterDisplayOnly"><PropertyValue Property="ValueListProperty" String="BusPartNationality"/></Record>
								<Record Type="Common.ValueListParameterDisplayOnly"><PropertyValue Property="ValueListProperty" String="zzfirst_name3"/></Record>
								<Record Type="Common.ValueListParameterDisplayOnly"><PropertyValue Property="ValueListProperty" String="zzfirst_name4"/></Record>
								<Record Type="Common.ValueListParameterDisplayOnly"><PropertyValue Property="ValueListProperty" String="zzeyecolor"/></Record>
								<Record Type="Common.ValueListParameterDisplayOnly"><PropertyValue Property="ValueListProperty" String="zzheight"/></Record>
								<Record Type="Common.ValueListParameterDisplayOnly"><PropertyValue Property="ValueListProperty" String="zzdtemig"/></Record>
								<Record Type="Common.ValueListParameterDisplayOnly"><PropertyValue Property="ValueListProperty" String="zzidenconf"/></Record>
								<Record Type="Common.ValueListParameterDisplayOnly"><PropertyValue Property="ValueListProperty" String="zzeligconf"/></Record>
								<Record Type="Common.ValueListParameterDisplayOnly"><PropertyValue Property="ValueListProperty" String="zzancnom"/></Record>
								<Record Type="Common.ValueListParameterDisplayOnly"><PropertyValue Property="ValueListProperty" String="zzregpdi"/></Record>
								<Record Type="Common.ValueListParameterDisplayOnly"><PropertyValue Property="ValueListProperty" String="/saaq/f0000"/></Record>
								<Record Type="Common.ValueListParameterDisplayOnly"><PropertyValue Property="ValueListProperty" String="/saaq/residperm"/></Record>
								<Record Type="Common.ValueListParameterDisplayOnly"><PropertyValue Property="ValueListProperty" String="/saaq/zcarassur"/></Record>
								<Record Type="Common.ValueListParameterDisplayOnly"><PropertyValue Property="ValueListProperty" String="/saaq/certameri"/></Record>
								<Record Type="Common.ValueListParameterDisplayOnly"><PropertyValue Property="ValueListProperty" String="/saaq/zpermiadm"/></Record>
								<Record Type="Common.ValueListParameterDisplayOnly"><PropertyValue Property="ValueListProperty" String="/saaq/zpidorgan"/></Record>
								<Record Type="Common.ValueListParameterDisplayOnly"><PropertyValue Property="ValueListProperty" String="/saaq/zidarmyca"/></Record>
								<Record Type="Common.ValueListParameterDisplayOnly"><PropertyValue Property="ValueListProperty" String="/saaq/certindie"/></Record>
								<Record Type="Common.ValueListParameterDisplayOnly"><PropertyValue Property="ValueListProperty" String="/saaq/zassucann"/></Record>
								<Record Type="Common.ValueListParameterDisplayOnly"><PropertyValue Property="ValueListProperty" String="/saaq/zcitocann"/></Record>
								<Record Type="Common.ValueListParameterDisplayOnly"><PropertyValue Property="ValueListProperty" String="/saaq/zcertcann"/></Record>
								<Record Type="Common.ValueListParameterDisplayOnly"><PropertyValue Property="ValueListProperty" String="/saaq/zpassport"/></Record>
								<Record Type="Common.ValueListParameterDisplayOnly"><PropertyValue Property="ValueListProperty" String="/saaq/zcertnaqc"/></Record>
								<Record Type="Common.ValueListParameterDisplayOnly"><PropertyValue Property="ValueListProperty" String="/saaq/zcarassum"/></Record>
								<Record Type="Common.ValueListParameterDisplayOnly"><PropertyValue Property="ValueListProperty" String="/saaq/zpermi_co"/></Record>
								<Record Type="Common.ValueListParameterDisplayOnly"><PropertyValue Property="ValueListProperty" String="deathdt"/></Record>
							</Collection>
						</PropertyValue>
					</Record>
				</Annotation>
			</Annotations>
			<Annotations Target="cds_xsaaqxz_sd_infraction.cds_xsaaqxz_sd_infraction_Entities" xmlns="http://docs.oasis-open.org/odata/ns/edm">
				<Annotation Term="Aggregation.ApplySupported">
					<Record>
						<PropertyValue Property="Transformations">
							<Collection>
								<String>aggregate</String>
								<String>groupby</String>
								<String>filter</String>
							</Collection>
						</PropertyValue><PropertyValue Property="Rollup" EnumMember="None"/></Record>
				</Annotation>
			</Annotations><atom:link rel="self"
				href="https://webidecp-k27dc1c0b.dispatcher.ca1.hana.ondemand.com/destinations/DF1_200/sap/opu/odata/saaq/Z_SB_INFRACTION/$metadata"
				xmlns:atom="http://www.w3.org/2005/Atom"/><atom:link rel="latest-version"
				href="https://webidecp-k27dc1c0b.dispatcher.ca1.hana.ondemand.com/destinations/DF1_200/sap/opu/odata/saaq/Z_SB_INFRACTION/$metadata"
				xmlns:atom="http://www.w3.org/2005/Atom"/></Schema>
	</edmx:DataServices>
</edmx:Edmx>