<core:FragmentDefinition xmlns="sap.m" xmlns:smartfilterbar="sap.ui.comp.smartfilterbar" xmlns:core="sap.ui.core">
	<smartfilterbar:ControlConfiguration key="StatusFilter" index="1" label="Status" groupId="_BASIC">
		<smartfilterbar:customControl>
			<ComboBox id="id">
				<core:Item key="N" text="New"/>
				<core:Item key="A" text="Active"/>
				<core:Item key="D" text="Damaged"/>
				<core:Item key="S" text="Scrapped"/>
			</ComboBox>
		</smartfilterbar:customControl>
	</smartfilterbar:ControlConfiguration>
</core:FragmentDefinition>