{
  "welcomeFile": "index.html",
  "routes": [
    {
      "path": "/resources/com/reuselib",
      "target": {
        "type": "application",
        "name": "comreuselib"
      },
      "description": "Reusable Library"
    },
    {
      "path": "/test-resources",
      "target": {
        "type": "application",
        "name": "comreuselib",
        "entryPath": "test"
      },
      "description": "Reusable Library"
    },
    {
      "path": "/resources",
      "target": {
        "type": "service",
        "name": "sapui5",
        "entryPath": "/resources",
        "version": "1.71.30"
      },
      "description": "SAPUI5 Resources"
    },
    {
      "path": "/test-resources",
      "target": {
        "type": "service",
        "name": "sapui5",
        "entryPath": "/test-resources",
        "version": "1.71.30"
      },
      "description": "SAPUI5 Test Resources"
    }
  ]
}