<edmx:Edmx xmlns:edmx="http://docs.oasis-open.org/odata/ns/edmx" Version="4.0">
	<edmx:Reference Uri="/sap/opu/odata/sap/YZA_C_VEH_CDS/$metadata">
		<edmx:Include Alias="Metadata" Namespace="YZA_C_VEH_CDS"/>
	</edmx:Reference>
	<edmx:Reference Uri="https://wiki.scn.sap.com/wiki/download/attachments/448470968/UI.xml?api=v2">
		<edmx:Include Alias="UI" Namespace="com.sap.vocabularies.UI.v1"/>
	</edmx:Reference>
	<edmx:DataServices>
		<Schema xmlns="http://docs.oasis-open.org/odata/ns/edm" Namespace="VehicleOvp.annotations.annotation.YZA_C_VEH_CDS">
			<Annotations Target="Metadata.YZA_C_VEHType">
				<Annotation Term="UI.Chart" Qualifier="ChartCard">
					<Record Type="UI.ChartDefinitionType">
						<PropertyValue Property="ChartType" EnumMember="UI.ChartType/Bar"/>
						<PropertyValue Property="Measures">
							<Collection>
								<PropertyPath>CC</PropertyPath>
							</Collection>
						</PropertyValue>
						<PropertyValue Property="MeasureAttributes">
							<Collection>
								<Record Type="UI.ChartMeasureAttributeType">
									<PropertyValue Property="Measure" PropertyPath="CC"/>
									<PropertyValue Property="Role" EnumMember="UI.ChartMeasureRoleType/Axis1"/>
								</Record>
							</Collection>
						</PropertyValue>
						<PropertyValue Property="Dimensions">
							<Collection>
								<PropertyPath>VehicleType</PropertyPath>
							</Collection>
						</PropertyValue>
						<PropertyValue Property="DimensionAttributes">
							<Collection>
								<Record Type="UI.ChartDimensionAttributeType">
									<PropertyValue Property="Dimension" PropertyPath="VehicleType"/>
									<PropertyValue Property="Role" EnumMember="UI.ChartDimensionRoleType/Category"/>
								</Record>
							</Collection>
						</PropertyValue>
					</Record>
				</Annotation>
				<Annotation Term="UI.LineItem" Qualifier="LineItemCard">
					<Collection>
						<Record Type="UI.DataField">
							<PropertyValue Property="Value" Path="VehicleName"/>
						</Record>
						<Record Type="UI.DataField">
							<PropertyValue Property="Value" Path="VehicleType"/>
						</Record>
						<Record Type="UI.DataField">
							<PropertyValue Property="Value" Path="VehicleStatus"/>
						</Record>
					</Collection>
				</Annotation>
				<Annotation Term="UI.SelectionFields">
					<Collection>
						<PropertyPath>VehicleType</PropertyPath>
					</Collection>
				</Annotation>
			</Annotations>
		</Schema>
	</edmx:DataServices>
</edmx:Edmx>