<core:FragmentDefinition xmlns="sap.m" xmlns:core="sap.ui.core" xmlns:form="sap.ui.layout.form"
	xmlns:data="http://schemas.sap.com/sapui5/extension/sap.ui.core.CustomData/1">
	<Dialog title="{i18n>updateFields}" icon="sap-icon://request" class="sapUiResponsiveContentPadding">
		<content>
		<form:SimpleForm id="sfUpdFields"
			editable="true"
			layout="ResponsiveGridLayout"
			title=""
			labelSpanXL="3"
			labelSpanL="3"
			labelSpanM="3"
			labelSpanS="12"
			adjustLabelSpan="false"
			emptySpanXL="4"
			emptySpanL="4"
			emptySpanM="4"
			emptySpanS="0"
			columnsXL="1"
			columnsL="1"
			columnsM="1"
			singleContainerFullSize="false" >
			<form:content>
				<Label text="Field" />
				<ComboBox selectedKey="{viewModel>/Field}" items="{/InfractionFields}"
					change="onFieldSelect">
					<items>
						<core:Item text="{FieldName}" key="{TechnicalField}"/>
					</items>
				</ComboBox>
				<Label text="Value" />
			</form:content>
		</form:SimpleForm>			
		</content>
		<beginButton>
			<Button text="{i18n>save}" press="onSaveDialog"/>
		</beginButton>
		<endButton>
			<Button text="{i18n>cancel}" press="onCloseDialog"/>
		</endButton>
	</Dialog>
</core:FragmentDefinition>