<?xml version="1.0" encoding="utf-8"?>
<edmx:Edmx xmlns:edmx="http://docs.oasis-open.org/odata/ns/edmx" Version="4.0">
	<edmx:Reference Uri="/sap/bc/ui5_ui5/ui2/ushell/resources/sap/ushell/components/factsheet/vocabularies/UI.xml">
		<edmx:Include Alias="UI" Namespace="com.sap.vocabularies.UI.v1"/>
	</edmx:Reference>
	<edmx:Reference Uri="/sap/opu/odata/sap/YZA_C_AQ_VEH_CDS/$metadata">
		<edmx:Include Alias="YZA_C_AQ_VEH_CDS" Namespace="YZA_C_AQ_VEH_CDS"/>
	</edmx:Reference>
	<edmx:Reference Uri="https://wiki.scn.sap.com/wiki/download/attachments/448470974/Common.xml?api=v2">
		<edmx:Include Alias="Common" Namespace="com.sap.vocabularies.Common.v1"/>
	</edmx:Reference>
	<edmx:DataServices>
		<Schema xmlns="http://docs.oasis-open.org/odata/ns/edm" Namespace="com.VehicleAlp.YZA_C_AQ_VEH_CDS">
			<!--===============================================================================
                Entity Type from chosen collection 
                ================================================================================-->
			<!--===============================================================================
                    Entity Type from chosen navigation property
                    ================================================================================-->
			<Annotations Target="YZA_C_AQ_VEH_CDS.YZA_C_AQ_VEHType/VehicleType">
				<Annotation Term="Common.ValueList">
					<Record Type="Common.ValueListType">
						<PropertyValue Property="CollectionPath" String="YZA_C_AQ_VEH"/>
						<PropertyValue Property="PresentationVariantQualifier" String="FilterVehicleByType"/>
					</Record>
				</Annotation>
			</Annotations>
			<Annotations Target="YZA_C_AQ_VEH_CDS.YZA_C_AQ_VEHType/ManufYear">
				<Annotation Term="Common.ValueList">
					<Record Type="Common.ValueListType">
						<PropertyValue Property="CollectionPath" String="YZA_C_AQ_VEH"/>
						<PropertyValue Property="PresentationVariantQualifier" String="FilterVehicleByYear"/>
					</Record>
				</Annotation>
			</Annotations>
			<Annotations Target="YZA_C_AQ_VEH_CDS.YZA_C_AQ_VEHType/VehicleStatus">
				<Annotation Term="Common.ValueList">
					<Record Type="Common.ValueListType">
						<PropertyValue Property="CollectionPath" String="YZA_C_AQ_VEH"/>
						<PropertyValue Property="PresentationVariantQualifier" String="FilterVehicleByStatus"/>
					</Record>
				</Annotation>
			</Annotations>
			<Annotations Target="YZA_C_AQ_VEH_CDS.YZA_C_AQ_VEHType">
				<Annotation Term="UI.Facets">
					<Collection>
						<Record Type="UI.CollectionFacet">
							<PropertyValue Property="ID" String="GeneralInformation"/>
							<PropertyValue Property="Label" String="{@i18n&gt;@GeneralInfoFacetLabel}"/>
							<PropertyValue Property="Facets">
								<Collection>
									<Record Type="UI.ReferenceFacet">
										<PropertyValue Property="Label" String="{@i18n&gt;@GeneralInfoFacetLabel}"/>
										<PropertyValue Property="Target" AnnotationPath="@UI.Identification"/>
									</Record>
								</Collection>
							</PropertyValue>
						</Record>
						<Record Type="UI.ReferenceFacet">
							<PropertyValue Property="Target" AnnotationPath="@UI.LineItem"/>
						</Record>
					</Collection>
				</Annotation>
			</Annotations>
			<Annotations Target="">
				<Annotation Term="UI.Facets">
					<Collection>
						<Record Type="UI.CollectionFacet">
							<PropertyValue Property="ID" String="GeneralInformation"/>
							<PropertyValue Property="Label" String="{@i18n&gt;@GeneralInfoFacetLabel}"/>
							<PropertyValue Property="Facets">
								<Collection>
									<Record Type="UI.ReferenceFacet">
										<PropertyValue Property="Label" String="{@i18n&gt;@GeneralInfoFacetLabel}"/>
										<PropertyValue Property="Target" AnnotationPath="@UI.Identification"/>
									</Record>
								</Collection>
							</PropertyValue>
						</Record>
					</Collection>
				</Annotation>
			</Annotations>
		</Schema>
	</edmx:DataServices>
</edmx:Edmx>