{
	"welcomeFile": "/webapp/test/flpSandbox.html",
	"routes": [{
		"path": "/webapp/resources/com/reuselib",
		"target": {
			"type": "application",
			"name": "reuselib"
		},
		"description": "Reusable Library"
	}, {
		"path": "/resources/com/reuselib",
		"target": {
			"type": "application",
			"name": "reuselib"
		},
		"description": "Reusable Library"
	}, {
		"path": "/webapp/resources/com/reuselib",
		"target": {
			"type": "application",
			"name": "comreuselib"
		},
		"description": "Reusable Library"
	}, {
		"path": "/resources/com/reuselib",
		"target": {
			"type": "application",
			"name": "comreuselib"
		},
		"description": "Reusable Library"
	}, {
		"path": "/sap/opu/odata",
		"target": {
			"type": "destination",
			"name": "SF2",
			"entryPath": "/sap/opu/odata"
		},
		"description": "SF2"
	}, {
		"path": "/resources",
		"target": {
			"type": "service",
			"name": "sapui5",
			"preferLocal": true,
			"entryPath": "/resources"
		},
		"description": "SAPUI5 Resources"
	}, {
		"path": "/sap/ui5/1/resources",
		"target": {
			"type": "service",
			"name": "sapui5",
			"preferLocal": true
		},
		"description": "SAPUI5 dist layer resources"
	}, {
		"path": "/webapp/resources",
		"target": {
			"type": "service",
			"name": "sapui5",
			"entryPath": "/resources"
		},
		"description": "SAPUI5 Resources"
	}, {
		"path": "/webapp/test-resources",
		"target": {
			"type": "service",
			"name": "sapui5",
			"entryPath": "/test-resources"
		},
		"description": "SAPUI5 Test Resources"
	}, {
		"path": "/sap/bc/lrep",
		"target": {
			"type": "destination",
			"name": "SF2",
			"entryPath": "/sap/bc/lrep"
		},
		"description": "SF2"
	}, {
		"path": "/test-resources",
		"target": {
			"type": "service",
			"name": "sapui5",
			"entryPath": "/test-resources"
		},
		"description": "SAPUI5 Test Resources"
	}, {
		"path": "/",
		"target": {
			"type": "application",
			"name": "flpsandbox",
			"preferLocal": true
		},
		"description": "Subscribed Fiori LaunchPad"
	}],
	"sendWelcomeFileRedirect": true,
	"headerWhiteList": [

		"objecttype",

		"objectkey",

		"MarkForDeletion",

		"documentType",

		"documentNumber",

		"documentVersion",

		"documentPart",

		"semanticobjecttype"

	]
}