<?xml version="1.0" encoding="utf-8"?>
<edmx:Edmx Version="1.0" xmlns:edmx="http://schemas.microsoft.com/ado/2007/06/edmx"
	xmlns:m="http://schemas.microsoft.com/ado/2007/08/dataservices/metadata" xmlns:sap="http://www.sap.com/Protocols/SAPData">
	<edmx:Reference
		Uri="https://ffs-sbx2.casa.intra.saaq.net:443/sap/opu/odata/IWFND/CATALOGSERVICE;v=2/Vocabularies(TechnicalName='%2FIWBEP%2FVOC_COMMON',Version='0001',SAP__Origin='S42CLNT100')/$value"
		xmlns:edmx="http://docs.oasis-open.org/odata/ns/edmx"><edmx:Include Namespace="com.sap.vocabularies.Common.v1" Alias="Common"/></edmx:Reference>
	<edmx:Reference
		Uri="https://ffs-sbx2.casa.intra.saaq.net:443/sap/opu/odata/IWFND/CATALOGSERVICE;v=2/Vocabularies(TechnicalName='%2FIWBEP%2FVOC_CAPABILITIES',Version='0001',SAP__Origin='S42CLNT100')/$value"
		xmlns:edmx="http://docs.oasis-open.org/odata/ns/edmx"><edmx:Include Namespace="Org.OData.Capabilities.V1" Alias="Capabilities"/></edmx:Reference>
	<edmx:Reference
		Uri="https://ffs-sbx2.casa.intra.saaq.net:443/sap/opu/odata/IWFND/CATALOGSERVICE;v=2/Vocabularies(TechnicalName='%2FIWBEP%2FVOC_COMMUNICATION',Version='0001',SAP__Origin='S42CLNT100')/$value"
		xmlns:edmx="http://docs.oasis-open.org/odata/ns/edmx"><edmx:Include Namespace="com.sap.vocabularies.Communication.v1" Alias="Communication"/></edmx:Reference>
	<edmx:Reference
		Uri="https://ffs-sbx2.casa.intra.saaq.net:443/sap/opu/odata/IWFND/CATALOGSERVICE;v=2/Vocabularies(TechnicalName='%2FIWBEP%2FVOC_AGGREGATION',Version='0001',SAP__Origin='S42CLNT100')/$value"
		xmlns:edmx="http://docs.oasis-open.org/odata/ns/edmx"><edmx:Include Namespace="Org.OData.Aggregation.V1" Alias="Aggregation"/></edmx:Reference>
	<edmx:Reference
		Uri="https://ffs-sbx2.casa.intra.saaq.net:443/sap/opu/odata/IWFND/CATALOGSERVICE;v=2/Vocabularies(TechnicalName='%2FIWBEP%2FVOC_PERSONALDATA',Version='0001',SAP__Origin='S42CLNT100')/$value"
		xmlns:edmx="http://docs.oasis-open.org/odata/ns/edmx"><edmx:Include Namespace="com.sap.vocabularies.PersonalData.v1" Alias="PersonalData"/></edmx:Reference>
	<edmx:DataServices m:DataServiceVersion="2.0">
		<Schema Namespace="YZA_C_VEH_CDS" xml:lang="en" sap:schema-version="1" xmlns="http://schemas.microsoft.com/ado/2008/09/edm">
			<EntityType Name="I_CustomerType" sap:label="Customer" sap:content-version="1">
				<Key><PropertyRef Name="Customer"/></Key><Property Name="Customer" Type="Edm.String" Nullable="false" MaxLength="10" sap:display-format="UpperCase" sap:text="CustomerName"
					sap:label="Customer" sap:quickinfo="Customer Number"/><Property Name="CustomerName" Type="Edm.String" MaxLength="80" sap:label="Name of Customer"/><Property Name="CustomerFullName" Type="Edm.String" MaxLength="220" sap:display-format="UpperCase" sap:label="Customer Name"
					sap:quickinfo="Customer Full Name"/><Property Name="CreatedByUser" Type="Edm.String" MaxLength="12" sap:display-format="UpperCase" sap:label="Created by"
					sap:quickinfo="Name of Person who Created the Object"/><Property Name="CreationDate" Type="Edm.DateTime" Precision="0" sap:display-format="Date" sap:label="Created on"
					sap:quickinfo="Date on which the Record Was Created"/><Property Name="AddressID" Type="Edm.String" MaxLength="10" sap:display-format="UpperCase" sap:label="Address"/><Property Name="CustomerClassification" Type="Edm.String" MaxLength="2" sap:display-format="UpperCase"
					sap:text="to_CustomerClassification/CustomerClassification_Text" sap:label="Customer classific." sap:quickinfo="Customer classification"
					sap:value-list="standard"/><Property Name="VATRegistration" Type="Edm.String" MaxLength="20" sap:display-format="UpperCase" sap:label="VAT Registration No."
					sap:quickinfo="VAT Registration Number"/><Property Name="CustomerAccountGroup" Type="Edm.String" MaxLength="4" sap:display-format="UpperCase" sap:label="Account group"
					sap:quickinfo="Customer Account Group"/><Property Name="AuthorizationGroup" Type="Edm.String" MaxLength="4" sap:display-format="UpperCase" sap:label="Authorization"
					sap:quickinfo="Authorization Group"/><Property Name="DeliveryIsBlocked" Type="Edm.String" MaxLength="2" sap:display-format="UpperCase" sap:label="Delivery block"
					sap:quickinfo="Central delivery block for the customer"/><Property Name="PostingIsBlocked" Type="Edm.Boolean" sap:display-format="UpperCase" sap:label="Posting Block"
					sap:quickinfo="Central posting block"/><Property Name="BillingIsBlockedForCustomer" Type="Edm.String" MaxLength="2" sap:display-format="UpperCase" sap:label="Billing block"
					sap:quickinfo="Central billing block for customer"/><Property Name="OrderIsBlockedForCustomer" Type="Edm.String" MaxLength="2" sap:display-format="UpperCase" sap:label="Order block"
					sap:quickinfo="Central order block for customer"/><Property Name="InternationalLocationNumber1" Type="Edm.String" MaxLength="7" sap:display-format="NonNegative"
					sap:label="Int. location no. 1" sap:quickinfo="International location number (part 1)"/><Property Name="IsOneTimeAccount" Type="Edm.Boolean" sap:display-format="UpperCase" sap:label="One-time account"
					sap:quickinfo="Indicator: Is the account a one-time account?"/><Property Name="TaxJurisdiction" Type="Edm.String" MaxLength="15" sap:display-format="UpperCase" sap:label="Tax Jurisdiction"/><Property Name="Industry" Type="Edm.String" MaxLength="4" sap:display-format="UpperCase" sap:label="Industry" sap:quickinfo="Industry key"/><Property Name="TaxNumberType" Type="Edm.String" MaxLength="2" sap:display-format="UpperCase" sap:label="Tax number type"
					sap:quickinfo="Tax Number Type"/><Property Name="TaxNumber1" Type="Edm.String" MaxLength="16" sap:display-format="UpperCase" sap:label="Tax Number 1"/><Property Name="TaxNumber2" Type="Edm.String" MaxLength="11" sap:display-format="UpperCase" sap:label="Tax Number 2"/><Property Name="TaxNumber3" Type="Edm.String" MaxLength="18" sap:display-format="UpperCase" sap:label="Tax Number 3"/><Property Name="TaxNumber4" Type="Edm.String" MaxLength="18" sap:display-format="UpperCase" sap:label="Tax Number 4"/><Property Name="TaxNumber5" Type="Edm.String" MaxLength="60" sap:display-format="UpperCase" sap:label="Tax Number 5"/><Property Name="CustomerCorporateGroup" Type="Edm.String" MaxLength="10" sap:display-format="UpperCase" sap:label="Group key"/><Property Name="Supplier" Type="Edm.String" MaxLength="10" sap:display-format="UpperCase" sap:label="Vendor"
					sap:quickinfo="Account Number of Vendor or Creditor"/><Property Name="NielsenRegion" Type="Edm.String" MaxLength="2" sap:display-format="UpperCase" sap:label="Nielsen indicator"
					sap:quickinfo="Nielsen ID"/><Property Name="IndustryCode1" Type="Edm.String" MaxLength="10" sap:display-format="UpperCase" sap:label="Industry code 1"/><Property Name="IndustryCode2" Type="Edm.String" MaxLength="10" sap:display-format="UpperCase" sap:label="Industry code 2"/><Property Name="IndustryCode3" Type="Edm.String" MaxLength="10" sap:display-format="UpperCase" sap:label="Industry code 3"/><Property Name="IndustryCode4" Type="Edm.String" MaxLength="10" sap:display-format="UpperCase" sap:label="Industry code 4"/><Property Name="IndustryCode5" Type="Edm.String" MaxLength="10" sap:display-format="UpperCase" sap:label="Industry code 5"/><Property Name="Country" Type="Edm.String" MaxLength="3" sap:display-format="UpperCase" sap:label="Country" sap:quickinfo="Country Key"/><Property Name="OrganizationBPName1" Type="Edm.String" MaxLength="35" sap:label="Name" sap:quickinfo="Name 1"/><Property Name="OrganizationBPName2" Type="Edm.String" MaxLength="35" sap:label="Name 2"/><Property Name="CityName" Type="Edm.String" MaxLength="35" sap:label="City"/><Property Name="PostalCode" Type="Edm.String" MaxLength="10" sap:display-format="UpperCase" sap:label="Postal Code"/><Property Name="StreetName" Type="Edm.String" MaxLength="35" sap:label="Street" sap:quickinfo="Street and House Number"/><Property Name="SortField" Type="Edm.String" MaxLength="10" sap:display-format="UpperCase" sap:label="Search term"
					sap:quickinfo="Sort field"/><Property Name="FaxNumber" Type="Edm.String" MaxLength="31" sap:label="Fax Number"/><Property Name="BR_SUFRAMACode" Type="Edm.String" MaxLength="9" sap:display-format="UpperCase" sap:label="Suframa Code"/><Property Name="Region" Type="Edm.String" MaxLength="3" sap:display-format="UpperCase" sap:label="Region"
					sap:quickinfo="Region (State, Province, County)"/><Property Name="TelephoneNumber1" Type="Edm.String" MaxLength="16" sap:label="Telephone 1" sap:quickinfo="First telephone number"/><Property Name="TelephoneNumber2" Type="Edm.String" MaxLength="16" sap:label="Telephone 2" sap:quickinfo="Second telephone number"/><Property Name="AlternativePayerAccount" Type="Edm.String" MaxLength="10" sap:display-format="UpperCase" sap:label="Alternative payer"
					sap:quickinfo="Account number of an alternative payer"/><Property Name="DataMediumExchangeIndicator" Type="Edm.String" MaxLength="1" sap:display-format="UpperCase" sap:label="DME indicator"
					sap:quickinfo="Report key for data medium exchange"/><Property Name="VATLiability" Type="Edm.Boolean" sap:display-format="UpperCase" sap:label="Liable for VAT"/><Property Name="IsBusinessPurposeCompleted" Type="Edm.String" MaxLength="1" sap:display-format="UpperCase" sap:label="Purpose Completed"
					sap:quickinfo="Business Purpose Completed Flag"/><Property Name="ResponsibleType" Type="Edm.String" MaxLength="2" sap:display-format="UpperCase" sap:label="Tax type"/><Property Name="FiscalAddress" Type="Edm.String" MaxLength="10" sap:display-format="UpperCase" sap:label="Fiscal address"
					sap:quickinfo="Account number of the master record with the fiscal address"/><Property Name="NFPartnerIsNaturalPerson" Type="Edm.String" MaxLength="1" sap:display-format="UpperCase" sap:label="Natural Person"/><Property Name="DeletionIndicator" Type="Edm.Boolean" sap:display-format="UpperCase" sap:label="Deletion flag"
					sap:quickinfo="Central Deletion Flag for Master Record"/><Property Name="Language" Type="Edm.String" MaxLength="2" sap:label="Language Key"/><Property Name="TradingPartner" Type="Edm.String" MaxLength="6" sap:display-format="UpperCase" sap:label="Trading Partner No."
					sap:quickinfo="Company ID of Trading Partner"/><Property Name="TaxInvoiceRepresentativeName" Type="Edm.String" MaxLength="10" sap:label="Rep's Name" sap:quickinfo="Name of Representative"/><Property Name="BusinessType" Type="Edm.String" MaxLength="30" sap:label="Type of Business"/><Property Name="IndustryType" Type="Edm.String" MaxLength="30" sap:label="Type of Industry"/><NavigationProperty Name="to_CustomerClassification" Relationship="YZA_C_VEH_CDS.assoc_C9CD836CFC89E1433FB2649E56D3AA66"
					FromRole="FromRole_assoc_C9CD836CFC89E1433FB2649E56D3AA66" ToRole="ToRole_assoc_C9CD836CFC89E1433FB2649E56D3AA66"/></EntityType>
			<EntityType Name="I_CustomerClassificationType" sap:label="Customer Classification" sap:content-version="1">
				<Key><PropertyRef Name="CustomerClassification"/></Key><Property Name="CustomerClassification" Type="Edm.String" Nullable="false" MaxLength="2" sap:display-format="UpperCase"
					sap:text="CustomerClassification_Text" sap:label="Customer classific." sap:quickinfo="Customer classification"/><Property Name="CustomerClassification_Text" Type="Edm.String" MaxLength="20" sap:label="Customer Classification Description"
					sap:creatable="false" sap:updatable="false"/></EntityType>
			<EntityType Name="I_DraftAdministrativeDataType" sap:label="Draft Administration Data" sap:content-version="1">
				<Key><PropertyRef Name="DraftUUID"/></Key><Property Name="DraftUUID" Type="Edm.Guid" Nullable="false" sap:label="Draft (Technical ID)"/><Property Name="DraftEntityType" Type="Edm.String" MaxLength="30" sap:display-format="UpperCase" sap:label="Draft Entity ID"/><Property Name="CreationDateTime" Type="Edm.DateTimeOffset" Precision="7" sap:label="Draft Created On"/><Property Name="CreatedByUser" Type="Edm.String" MaxLength="12" sap:display-format="UpperCase" sap:text="CreatedByUserDescription"
					sap:label="Draft Created By"/><Property Name="LastChangeDateTime" Type="Edm.DateTimeOffset" Precision="7" sap:label="Draft Last Changed On"/><Property Name="LastChangedByUser" Type="Edm.String" MaxLength="12" sap:display-format="UpperCase" sap:text="LastChangedByUserDescription"
					sap:label="Draft Last Changed By"/><Property Name="DraftAccessType" Type="Edm.String" MaxLength="1" sap:display-format="UpperCase" sap:label="Draft Access Type"/><Property Name="ProcessingStartDateTime" Type="Edm.DateTimeOffset" Precision="7" sap:label="Draft In Process Since"/><Property Name="InProcessByUser" Type="Edm.String" MaxLength="12" sap:display-format="UpperCase" sap:text="InProcessByUserDescription"
					sap:label="Draft In Process By"/><Property Name="DraftIsKeptByUser" Type="Edm.Boolean" sap:display-format="UpperCase" sap:label="Draft Is Kept By User"/><Property Name="EnqueueStartDateTime" Type="Edm.DateTimeOffset" Precision="7" sap:label="Draft Locked Since"/><Property Name="DraftIsCreatedByMe" Type="Edm.Boolean" sap:display-format="UpperCase" sap:label="Draft Created By Me"/><Property Name="DraftIsLastChangedByMe" Type="Edm.Boolean" sap:display-format="UpperCase" sap:label="Draft Last Changed By Me"/><Property Name="DraftIsProcessedByMe" Type="Edm.Boolean" sap:display-format="UpperCase" sap:label="Draft In Process By Me"/><Property Name="CreatedByUserDescription" Type="Edm.String" MaxLength="80" sap:label="Draft Created By (Description)"/><Property Name="LastChangedByUserDescription" Type="Edm.String" MaxLength="80" sap:label="Draft Last Changed By (Description)"/><Property Name="InProcessByUserDescription" Type="Edm.String" MaxLength="80" sap:label="Draft In Process By (Description)"/></EntityType>
			<EntityType Name="YZA_C_FULETYPE_VHType" sap:label="Fule type value help" sap:content-version="1">
				<Key><PropertyRef Name="FuleType"/></Key><Property Name="FuleType" Type="Edm.String" Nullable="false" MaxLength="10" sap:display-format="UpperCase" sap:text="FuleType_Text"
					sap:label="Fule Type"/><Property Name="FuleType_Text" Type="Edm.String" MaxLength="60" sap:label="Fule Type Text" sap:creatable="false" sap:updatable="false"/></EntityType>
			<EntityType Name="YZA_C_VEHType" sap:label="Vehicle consumption CDS" sap:content-version="1">
				<Key><PropertyRef Name="Guid"/><PropertyRef Name="IsActiveEntity"/></Key><Property Name="Activation_ac" Type="Edm.Boolean" sap:label="Dyn. Action Control" sap:creatable="false" sap:updatable="false"
					sap:sortable="false" sap:filterable="false"/><Property Name="Edit_ac" Type="Edm.Boolean" sap:label="Dyn. Action Control" sap:creatable="false" sap:updatable="false" sap:sortable="false"
					sap:filterable="false"/><Property Name="Preparation_ac" Type="Edm.Boolean" sap:label="Dyn. Action Control" sap:creatable="false" sap:updatable="false"
					sap:sortable="false" sap:filterable="false"/><Property Name="Set_scrapped_ac" Type="Edm.Boolean" sap:label="Dyn. Action Control" sap:creatable="false" sap:updatable="false"
					sap:sortable="false" sap:filterable="false"/><Property Name="Validation_ac" Type="Edm.Boolean" sap:label="Dyn. Action Control" sap:creatable="false" sap:updatable="false"
					sap:sortable="false" sap:filterable="false"/><Property Name="Guid" Type="Edm.Guid" Nullable="false" sap:label="Node Key" sap:quickinfo="EPM: Generic Node Key" sap:creatable="false"
					sap:updatable="false"/><Property Name="VehicleId" Type="Edm.String" MaxLength="10" sap:display-format="UpperCase" sap:label="Character Field with Length 10"
					sap:heading="" sap:creatable="false" sap:updatable="false"/><Property Name="VehicleName" Type="Edm.String" MaxLength="20" sap:display-format="UpperCase" sap:label="Vehicle Name"
					sap:quickinfo="Char 20"/><Property Name="VehicleNo" Type="Edm.String" MaxLength="10" sap:display-format="UpperCase" sap:label="Vehicle No"
					sap:quickinfo="Character Field with Length 10"/><Property Name="Owner" Type="Edm.String" MaxLength="10" sap:display-format="UpperCase" sap:text="to_OwnerVh/CustomerName"
					sap:label="Customer" sap:quickinfo="Customer Number" sap:value-list="standard"/><Property Name="Color" Type="Edm.String" MaxLength="20" sap:label="Color"/><Property Name="CC" Type="Edm.Int32" sap:label="CC" sap:quickinfo="4 Byte Signed Integer"/><Property Name="FuleType" Type="Edm.String" MaxLength="1" sap:display-format="UpperCase" sap:text="to_FuleTypeVh/FuleType_Text"
					sap:label="Fule Type" sap:quickinfo="Fule type" sap:value-list="fixed-values"/><Property Name="ManufYear" Type="Edm.String" MaxLength="4" sap:display-format="NonNegative" sap:label="Year" sap:quickinfo="Fiscal Year"/><Property Name="Manufacturer" Type="Edm.String" MaxLength="10" sap:display-format="UpperCase" sap:label="Manufacturer"
					sap:quickinfo="Character Field with Length 10"/><Property Name="VehicleStatus" Type="Edm.String" MaxLength="1" sap:display-format="UpperCase" sap:label="Status"
					sap:quickinfo="Single-Character Flag"/><Property Name="VehicleType" Type="Edm.String" MaxLength="2" sap:display-format="UpperCase" sap:text="VehicleType_Text"
					sap:label="Vehicle Type" sap:quickinfo="Component of the Version Number" sap:value-list="standard"/><Property Name="VehicleType_Text" Type="Edm.String" MaxLength="30" sap:display-format="UpperCase" sap:label="30 Characters" sap:heading=""
					sap:creatable="false" sap:updatable="false"/><Property Name="VehRating" Type="Edm.Int32" sap:label="Rating" sap:creatable="false" sap:updatable="false" sap:sortable="false"
					sap:filterable="false"/><Property Name="reason" Type="Edm.String" MaxLength="60" sap:display-format="UpperCase" sap:label="Reason for scrap"
					sap:quickinfo="Reason to scrap"/><Property Name="crea_date_time" Type="Edm.DateTimeOffset" Precision="7" sap:label="Time Stamp"
					sap:quickinfo="UTC Time Stamp in Long Form (YYYYMMDDhhmmssmmmuuun)"/><Property Name="crea_uname" Type="Edm.String" MaxLength="12" sap:display-format="UpperCase" sap:label="User Name"/><Property Name="lchg_date_time" Type="Edm.DateTimeOffset" Precision="7" sap:label="Time Stamp"
					sap:quickinfo="UTC Time Stamp in Long Form (YYYYMMDDhhmmssmmmuuun)"/><Property Name="lchg_uname" Type="Edm.String" MaxLength="12" sap:display-format="UpperCase" sap:label="User Name"/><Property Name="HasDraftEntity" Type="Edm.Boolean" sap:display-format="UpperCase" sap:label="Has Draft" sap:heading="" sap:quickinfo=""
					sap:creatable="false" sap:updatable="false"/><Property Name="ActiveUUID" Type="Edm.Guid" sap:label="Key" sap:heading="" sap:quickinfo="" sap:creatable="false" sap:updatable="false"/><Property Name="DraftEntityCreationDateTime" Type="Edm.DateTimeOffset" Precision="7" sap:label="Draft Created On" sap:heading=""
					sap:quickinfo="" sap:creatable="false" sap:updatable="false"/><Property Name="DraftEntityLastChangeDateTime" Type="Edm.DateTimeOffset" Precision="7" sap:label="Draft Last Changed On" sap:heading=""
					sap:quickinfo="" sap:creatable="false" sap:updatable="false"/><Property Name="HasActiveEntity" Type="Edm.Boolean" sap:display-format="UpperCase" sap:label="Has active" sap:heading="" sap:quickinfo=""
					sap:creatable="false" sap:updatable="false"/><Property Name="IsActiveEntity" Type="Edm.Boolean" Nullable="false" sap:display-format="UpperCase" sap:label="Is active" sap:heading=""
					sap:quickinfo="" sap:creatable="false" sap:updatable="false"/><NavigationProperty Name="DraftAdministrativeData" Relationship="YZA_C_VEH_CDS.assoc_C4AC253983EE3BD54FFCDCA2A2E9AFEE"
					FromRole="FromRole_assoc_C4AC253983EE3BD54FFCDCA2A2E9AFEE" ToRole="ToRole_assoc_C4AC253983EE3BD54FFCDCA2A2E9AFEE"/><NavigationProperty Name="SiblingEntity" Relationship="YZA_C_VEH_CDS.assoc_AAF82E2D89C0E98310FF0406A69A9335"
					FromRole="FromRole_assoc_AAF82E2D89C0E98310FF0406A69A9335" ToRole="ToRole_assoc_AAF82E2D89C0E98310FF0406A69A9335"/><NavigationProperty Name="to_FuleTypeVh" Relationship="YZA_C_VEH_CDS.assoc_A605E00EE731C1B161368E593B2A40A0"
					FromRole="FromRole_assoc_A605E00EE731C1B161368E593B2A40A0" ToRole="ToRole_assoc_A605E00EE731C1B161368E593B2A40A0"/><NavigationProperty Name="to_OwnerVh" Relationship="YZA_C_VEH_CDS.assoc_7466F1C559F6E8B8ECF3F67503BBC9E7"
					FromRole="FromRole_assoc_7466F1C559F6E8B8ECF3F67503BBC9E7" ToRole="ToRole_assoc_7466F1C559F6E8B8ECF3F67503BBC9E7"/><NavigationProperty Name="to_VehTypeVh" Relationship="YZA_C_VEH_CDS.assoc_37FB2BE9CF8F56796423F3B7F47D5AAC"
					FromRole="FromRole_assoc_37FB2BE9CF8F56796423F3B7F47D5AAC" ToRole="ToRole_assoc_37FB2BE9CF8F56796423F3B7F47D5AAC"/></EntityType>
			<EntityType Name="YZA_I_VEHTYPE_VHType" sap:label="Vehicle type value help" sap:content-version="1">
				<Key><PropertyRef Name="VehicleType"/></Key><Property Name="VehicleType" Type="Edm.String" Nullable="false" MaxLength="2" sap:display-format="UpperCase" sap:label=""
					sap:quickinfo="Component of the Version Number"/><Property Name="VehicleTypeText" Type="Edm.String" MaxLength="30" sap:display-format="UpperCase" sap:label="" sap:quickinfo="30 Characters"/></EntityType>
			<ComplexType Name="DummyFunctionImportResult"><Property Name="IsInvalid" Type="Edm.Boolean" sap:label="TRUE"/></ComplexType>
			<ComplexType Name="ValidationFunctionResult"><Property Name="IsValid" Type="Edm.Boolean" sap:label="Is valid"/></ComplexType>
			<Association Name="assoc_C9CD836CFC89E1433FB2649E56D3AA66" sap:content-version="1"><End Type="YZA_C_VEH_CDS.I_CustomerType" Multiplicity="1" Role="FromRole_assoc_C9CD836CFC89E1433FB2649E56D3AA66"/><End Type="YZA_C_VEH_CDS.I_CustomerClassificationType" Multiplicity="0..1" Role="ToRole_assoc_C9CD836CFC89E1433FB2649E56D3AA66"/>
				<ReferentialConstraint>
					<Principal Role="ToRole_assoc_C9CD836CFC89E1433FB2649E56D3AA66"><PropertyRef Name="CustomerClassification"/></Principal>
					<Dependent Role="FromRole_assoc_C9CD836CFC89E1433FB2649E56D3AA66"><PropertyRef Name="CustomerClassification"/></Dependent>
				</ReferentialConstraint>
			</Association>
			<Association Name="assoc_C4AC253983EE3BD54FFCDCA2A2E9AFEE" sap:content-version="1"><End Type="YZA_C_VEH_CDS.YZA_C_VEHType" Multiplicity="1" Role="FromRole_assoc_C4AC253983EE3BD54FFCDCA2A2E9AFEE"/><End Type="YZA_C_VEH_CDS.I_DraftAdministrativeDataType" Multiplicity="0..1" Role="ToRole_assoc_C4AC253983EE3BD54FFCDCA2A2E9AFEE"/></Association>
			<Association Name="assoc_AAF82E2D89C0E98310FF0406A69A9335" sap:content-version="1"><End Type="YZA_C_VEH_CDS.YZA_C_VEHType" Multiplicity="1" Role="FromRole_assoc_AAF82E2D89C0E98310FF0406A69A9335"/><End Type="YZA_C_VEH_CDS.YZA_C_VEHType" Multiplicity="0..1" Role="ToRole_assoc_AAF82E2D89C0E98310FF0406A69A9335"/></Association>
			<Association Name="assoc_A605E00EE731C1B161368E593B2A40A0" sap:content-version="1"><End Type="YZA_C_VEH_CDS.YZA_C_VEHType" Multiplicity="1" Role="FromRole_assoc_A605E00EE731C1B161368E593B2A40A0"/><End Type="YZA_C_VEH_CDS.YZA_C_FULETYPE_VHType" Multiplicity="0..1" Role="ToRole_assoc_A605E00EE731C1B161368E593B2A40A0"/>
				<ReferentialConstraint>
					<Principal Role="ToRole_assoc_A605E00EE731C1B161368E593B2A40A0"><PropertyRef Name="FuleType"/></Principal>
					<Dependent Role="FromRole_assoc_A605E00EE731C1B161368E593B2A40A0"><PropertyRef Name="FuleType"/></Dependent>
				</ReferentialConstraint>
			</Association>
			<Association Name="assoc_7466F1C559F6E8B8ECF3F67503BBC9E7" sap:content-version="1"><End Type="YZA_C_VEH_CDS.YZA_C_VEHType" Multiplicity="1" Role="FromRole_assoc_7466F1C559F6E8B8ECF3F67503BBC9E7"/><End Type="YZA_C_VEH_CDS.I_CustomerType" Multiplicity="0..1" Role="ToRole_assoc_7466F1C559F6E8B8ECF3F67503BBC9E7"/>
				<ReferentialConstraint>
					<Principal Role="ToRole_assoc_7466F1C559F6E8B8ECF3F67503BBC9E7"><PropertyRef Name="Customer"/></Principal>
					<Dependent Role="FromRole_assoc_7466F1C559F6E8B8ECF3F67503BBC9E7"><PropertyRef Name="Owner"/></Dependent>
				</ReferentialConstraint>
			</Association>
			<Association Name="assoc_37FB2BE9CF8F56796423F3B7F47D5AAC" sap:content-version="1"><End Type="YZA_C_VEH_CDS.YZA_C_VEHType" Multiplicity="1" Role="FromRole_assoc_37FB2BE9CF8F56796423F3B7F47D5AAC"/><End Type="YZA_C_VEH_CDS.YZA_I_VEHTYPE_VHType" Multiplicity="0..1" Role="ToRole_assoc_37FB2BE9CF8F56796423F3B7F47D5AAC"/></Association>
			<EntityContainer Name="YZA_C_VEH_CDS_Entities" m:IsDefaultEntityContainer="true" sap:message-scope-supported="true"
				sap:supported-formats="atom json xlsx"><EntitySet Name="I_Customer" EntityType="YZA_C_VEH_CDS.I_CustomerType" sap:creatable="false" sap:updatable="false" sap:deletable="false"
				sap:content-version="1"/><EntitySet Name="I_CustomerClassification" EntityType="YZA_C_VEH_CDS.I_CustomerClassificationType" sap:creatable="false"
				sap:updatable="false" sap:deletable="false" sap:content-version="1"/><EntitySet Name="I_DraftAdministrativeData" EntityType="YZA_C_VEH_CDS.I_DraftAdministrativeDataType" sap:creatable="false"
				sap:updatable="false" sap:deletable="false" sap:searchable="true" sap:addressable="false" sap:content-version="1"/><EntitySet Name="YZA_C_FULETYPE_VH" EntityType="YZA_C_VEH_CDS.YZA_C_FULETYPE_VHType" sap:creatable="false" sap:updatable="false"
				sap:deletable="false" sap:searchable="true" sap:content-version="1"/><EntitySet Name="YZA_C_VEH" EntityType="YZA_C_VEH_CDS.YZA_C_VEHType" sap:content-version="1"/><EntitySet Name="YZA_I_VEHTYPE_VH" EntityType="YZA_C_VEH_CDS.YZA_I_VEHTYPE_VHType" sap:creatable="false" sap:updatable="false"
				sap:deletable="false" sap:searchable="true" sap:content-version="1"/>
				<AssociationSet Name="assoc_AAF82E2D89C0E98310FF0406A69A9335" Association="YZA_C_VEH_CDS.assoc_AAF82E2D89C0E98310FF0406A69A9335"
					sap:creatable="false" sap:updatable="false" sap:deletable="false" sap:content-version="1"><End EntitySet="YZA_C_VEH" Role="FromRole_assoc_AAF82E2D89C0E98310FF0406A69A9335"/><End EntitySet="YZA_C_VEH" Role="ToRole_assoc_AAF82E2D89C0E98310FF0406A69A9335"/></AssociationSet>
				<AssociationSet Name="assoc_C9CD836CFC89E1433FB2649E56D3AA66" Association="YZA_C_VEH_CDS.assoc_C9CD836CFC89E1433FB2649E56D3AA66"
					sap:creatable="false" sap:updatable="false" sap:deletable="false" sap:content-version="1"><End EntitySet="I_Customer" Role="FromRole_assoc_C9CD836CFC89E1433FB2649E56D3AA66"/><End EntitySet="I_CustomerClassification" Role="ToRole_assoc_C9CD836CFC89E1433FB2649E56D3AA66"/></AssociationSet>
				<AssociationSet Name="assoc_7466F1C559F6E8B8ECF3F67503BBC9E7" Association="YZA_C_VEH_CDS.assoc_7466F1C559F6E8B8ECF3F67503BBC9E7"
					sap:creatable="false" sap:updatable="false" sap:deletable="false" sap:content-version="1"><End EntitySet="YZA_C_VEH" Role="FromRole_assoc_7466F1C559F6E8B8ECF3F67503BBC9E7"/><End EntitySet="I_Customer" Role="ToRole_assoc_7466F1C559F6E8B8ECF3F67503BBC9E7"/></AssociationSet>
				<AssociationSet Name="assoc_A605E00EE731C1B161368E593B2A40A0" Association="YZA_C_VEH_CDS.assoc_A605E00EE731C1B161368E593B2A40A0"
					sap:creatable="false" sap:updatable="false" sap:deletable="false" sap:content-version="1"><End EntitySet="YZA_C_VEH" Role="FromRole_assoc_A605E00EE731C1B161368E593B2A40A0"/><End EntitySet="YZA_C_FULETYPE_VH" Role="ToRole_assoc_A605E00EE731C1B161368E593B2A40A0"/></AssociationSet>
				<AssociationSet Name="assoc_C4AC253983EE3BD54FFCDCA2A2E9AFEE" Association="YZA_C_VEH_CDS.assoc_C4AC253983EE3BD54FFCDCA2A2E9AFEE"
					sap:creatable="false" sap:updatable="false" sap:deletable="false" sap:content-version="1"><End EntitySet="YZA_C_VEH" Role="FromRole_assoc_C4AC253983EE3BD54FFCDCA2A2E9AFEE"/><End EntitySet="I_DraftAdministrativeData" Role="ToRole_assoc_C4AC253983EE3BD54FFCDCA2A2E9AFEE"/></AssociationSet>
				<AssociationSet Name="assoc_37FB2BE9CF8F56796423F3B7F47D5AAC" Association="YZA_C_VEH_CDS.assoc_37FB2BE9CF8F56796423F3B7F47D5AAC"
					sap:creatable="false" sap:updatable="false" sap:deletable="false" sap:content-version="1"><End EntitySet="YZA_C_VEH" Role="FromRole_assoc_37FB2BE9CF8F56796423F3B7F47D5AAC"/><End EntitySet="YZA_I_VEHTYPE_VH" Role="ToRole_assoc_37FB2BE9CF8F56796423F3B7F47D5AAC"/></AssociationSet>
				<FunctionImport Name="YZA_C_VEHActivation" ReturnType="YZA_C_VEH_CDS.YZA_C_VEHType" EntitySet="YZA_C_VEH" m:HttpMethod="POST"
					sap:action-for="YZA_C_VEH_CDS.YZA_C_VEHType" sap:applicable-path="Activation_ac"><Parameter Name="Guid" Type="Edm.Guid" Mode="In"/><Parameter Name="IsActiveEntity" Type="Edm.Boolean" Mode="In"/></FunctionImport>
				<FunctionImport Name="YZA_C_VEHEdit" ReturnType="YZA_C_VEH_CDS.YZA_C_VEHType" EntitySet="YZA_C_VEH" m:HttpMethod="POST"
					sap:action-for="YZA_C_VEH_CDS.YZA_C_VEHType" sap:applicable-path="Edit_ac"><Parameter Name="Guid" Type="Edm.Guid" Mode="In"/><Parameter Name="IsActiveEntity" Type="Edm.Boolean" Mode="In"/><Parameter Name="PreserveChanges" Type="Edm.Boolean" Mode="In" Nullable="true"/></FunctionImport>
				<FunctionImport Name="YZA_C_VEHPreparation" ReturnType="YZA_C_VEH_CDS.YZA_C_VEHType" EntitySet="YZA_C_VEH" m:HttpMethod="POST"
					sap:action-for="YZA_C_VEH_CDS.YZA_C_VEHType" sap:applicable-path="Preparation_ac"><Parameter Name="Guid" Type="Edm.Guid" Mode="In"/><Parameter Name="IsActiveEntity" Type="Edm.Boolean" Mode="In"/><Parameter Name="SideEffectsQualifier" Type="Edm.String" Mode="In" Nullable="true"/></FunctionImport>
				<FunctionImport Name="YZA_C_VEHSet_scrapped" ReturnType="YZA_C_VEH_CDS.DummyFunctionImportResult" m:HttpMethod="POST"
					sap:action-for="YZA_C_VEH_CDS.YZA_C_VEHType" sap:applicable-path="Set_scrapped_ac"><Parameter Name="Guid" Type="Edm.Guid" Mode="In"/><Parameter Name="IsActiveEntity" Type="Edm.Boolean" Mode="In"/><Parameter Name="reason" Type="Edm.String" Mode="In" MaxLength="60"/></FunctionImport>
				<FunctionImport Name="YZA_C_VEHValidation" ReturnType="YZA_C_VEH_CDS.ValidationFunctionResult" m:HttpMethod="GET"
					sap:action-for="YZA_C_VEH_CDS.YZA_C_VEHType" sap:applicable-path="Validation_ac"><Parameter Name="Guid" Type="Edm.Guid" Mode="In"/><Parameter Name="IsActiveEntity" Type="Edm.Boolean" Mode="In"/><Parameter Name="SideEffectsQualifier" Type="Edm.String" Mode="In" Nullable="true"/></FunctionImport>
			</EntityContainer>
			<Annotations Target="YZA_C_VEH_CDS.YZA_C_VEH_CDS_Entities/YZA_C_VEH" xmlns="http://docs.oasis-open.org/odata/ns/edm">
				<Annotation Term="Common.DraftRoot">
					<Record><PropertyValue Property="ActivationAction" String="YZA_C_VEH_CDS.YZA_C_VEH_CDS_Entities/YZA_C_VEHActivation"/><PropertyValue Property="EditAction" String="YZA_C_VEH_CDS.YZA_C_VEH_CDS_Entities/YZA_C_VEHEdit"/><PropertyValue Property="PreparationAction" String="YZA_C_VEH_CDS.YZA_C_VEH_CDS_Entities/YZA_C_VEHPreparation"/><PropertyValue Property="ValidationFunction" String="YZA_C_VEH_CDS.YZA_C_VEH_CDS_Entities/YZA_C_VEHValidation"/></Record>
				</Annotation>
				<Annotation Term="Capabilities.FilterRestrictions">
					<Record>
						<PropertyValue Property="NonFilterableProperties">
							<Collection>
								<PropertyPath>Activation_ac</PropertyPath>
								<PropertyPath>Edit_ac</PropertyPath>
								<PropertyPath>Preparation_ac</PropertyPath>
								<PropertyPath>Set_scrapped_ac</PropertyPath>
								<PropertyPath>Validation_ac</PropertyPath>
								<PropertyPath>VehRating</PropertyPath>
							</Collection>
						</PropertyValue>
					</Record>
				</Annotation>
				<Annotation Term="Capabilities.SortRestrictions">
					<Record>
						<PropertyValue Property="NonSortableProperties">
							<Collection>
								<PropertyPath>Activation_ac</PropertyPath>
								<PropertyPath>Edit_ac</PropertyPath>
								<PropertyPath>Preparation_ac</PropertyPath>
								<PropertyPath>Set_scrapped_ac</PropertyPath>
								<PropertyPath>Validation_ac</PropertyPath>
								<PropertyPath>VehRating</PropertyPath>
							</Collection>
						</PropertyValue>
					</Record>
				</Annotation>
			</Annotations>
			<Annotations Target="YZA_C_VEH_CDS.I_CustomerType/CustomerClassification" xmlns="http://docs.oasis-open.org/odata/ns/edm">
				<Annotation Term="Common.ValueList">
					<Record><PropertyValue Property="Label" String="Customer Classification"/><PropertyValue Property="CollectionPath" String="I_CustomerClassification"/><PropertyValue Property="SearchSupported" Bool="false"/>
						<PropertyValue Property="Parameters">
							<Collection>
								<Record Type="Common.ValueListParameterInOut"><PropertyValue Property="LocalDataProperty" PropertyPath="CustomerClassification"/><PropertyValue Property="ValueListProperty" String="CustomerClassification"/></Record>
								<Record Type="Common.ValueListParameterDisplayOnly"><PropertyValue Property="ValueListProperty" String="CustomerClassification_Text"/></Record>
							</Collection>
						</PropertyValue>
					</Record>
				</Annotation>
			</Annotations>
			<Annotations Target="YZA_C_VEH_CDS.YZA_C_VEHType/Owner" xmlns="http://docs.oasis-open.org/odata/ns/edm">
				<Annotation Term="Common.ValueList">
					<Record><PropertyValue Property="Label" String="Customer"/><PropertyValue Property="CollectionPath" String="I_Customer"/><PropertyValue Property="SearchSupported" Bool="false"/>
						<PropertyValue Property="Parameters">
							<Collection>
								<Record Type="Common.ValueListParameterInOut"><PropertyValue Property="LocalDataProperty" PropertyPath="Owner"/><PropertyValue Property="ValueListProperty" String="Customer"/></Record>
								<Record Type="Common.ValueListParameterDisplayOnly"><PropertyValue Property="ValueListProperty" String="CustomerName"/></Record>
							</Collection>
						</PropertyValue>
					</Record>
				</Annotation>
			</Annotations>
			<Annotations Target="YZA_C_VEH_CDS.YZA_C_VEHType/FuleType" xmlns="http://docs.oasis-open.org/odata/ns/edm">
				<Annotation Term="Common.ValueList">
					<Record><PropertyValue Property="Label" String="Fule type value help"/><PropertyValue Property="CollectionPath" String="YZA_C_FULETYPE_VH"/><PropertyValue Property="SearchSupported" Bool="true"/>
						<PropertyValue Property="Parameters">
							<Collection>
								<Record Type="Common.ValueListParameterInOut"><PropertyValue Property="LocalDataProperty" PropertyPath="FuleType"/><PropertyValue Property="ValueListProperty" String="FuleType"/></Record>
								<Record Type="Common.ValueListParameterDisplayOnly"><PropertyValue Property="ValueListProperty" String="FuleType_Text"/></Record>
							</Collection>
						</PropertyValue>
					</Record>
				</Annotation>
			</Annotations>
			<Annotations Target="YZA_C_VEH_CDS.YZA_C_VEHType/VehicleType" xmlns="http://docs.oasis-open.org/odata/ns/edm">
				<Annotation Term="Common.ValueList">
					<Record><PropertyValue Property="Label" String="Vehicle type value help"/><PropertyValue Property="CollectionPath" String="YZA_I_VEHTYPE_VH"/><PropertyValue Property="SearchSupported" Bool="true"/>
						<PropertyValue Property="Parameters">
							<Collection>
								<Record Type="Common.ValueListParameterInOut"><PropertyValue Property="LocalDataProperty" PropertyPath="VehicleType"/><PropertyValue Property="ValueListProperty" String="VehicleType"/></Record>
								<Record Type="Common.ValueListParameterDisplayOnly"><PropertyValue Property="ValueListProperty" String="VehicleTypeText"/></Record>
							</Collection>
						</PropertyValue>
					</Record>
				</Annotation>
			</Annotations>
			<Annotations Target="YZA_C_VEH_CDS.YZA_C_VEH_CDS_Entities" xmlns="http://docs.oasis-open.org/odata/ns/edm">
				<Annotation Term="Aggregation.ApplySupported">
					<Record>
						<PropertyValue Property="Transformations">
							<Collection>
								<String>aggregate</String>
								<String>groupby</String>
								<String>filter</String>
							</Collection>
						</PropertyValue><PropertyValue Property="Rollup" EnumMember="None"/></Record>
				</Annotation>
			</Annotations>
			<Annotations Target="YZA_C_VEH_CDS.YZA_C_VEHType" xmlns="http://docs.oasis-open.org/odata/ns/edm">
				<Annotation Term="Common.SemanticKey">
					<Collection>
						<PropertyPath>VehicleId</PropertyPath>
					</Collection>
				</Annotation>
			</Annotations><atom:link rel="self" href="https://ffs-sbx2.casa.intra.saaq.net:443/sap/opu/odata/sap/YZA_C_VEH_CDS/$metadata"
				xmlns:atom="http://www.w3.org/2005/Atom"/><atom:link rel="latest-version" href="https://ffs-sbx2.casa.intra.saaq.net:443/sap/opu/odata/sap/YZA_C_VEH_CDS/$metadata"
				xmlns:atom="http://www.w3.org/2005/Atom"/></Schema>
	</edmx:DataServices>
</edmx:Edmx>