<edmx:Edmx xmlns:edmx="http://docs.oasis-open.org/odata/ns/edmx" Version="4.0">
	<edmx:Reference
		Uri="../../catalogservice;v=2/Vocabularies(TechnicalName='%2FIWBEP%2FVOC_COMMON',Version='0001',SAP__Origin='S42CLNT100')/$value"><edmx:Include Namespace="com.sap.vocabularies.Common.v1" Alias="Common"/></edmx:Reference>
	<edmx:Reference
		Uri="../../catalogservice;v=2/Vocabularies(TechnicalName='%2FIWBEP%2FVOC_UI',Version='0001',SAP__Origin='S42CLNT100')/$value"><edmx:Include Namespace="com.sap.vocabularies.UI.v1" Alias="UI"/></edmx:Reference>
	<edmx:Reference
		Uri="../../catalogservice;v=2/Vocabularies(TechnicalName='%2FIWBEP%2FVOC_COMMUNICATION',Version='0001',SAP__Origin='S42CLNT100')/$value"><edmx:Include Namespace="com.sap.vocabularies.Communication.v1" Alias="Communication"/></edmx:Reference>
	<edmx:Reference Uri="../../../sap/yza_c_owner_cds/$metadata"><edmx:Include Namespace="YZA_C_OWNER_CDS" Alias="SAP"/></edmx:Reference>
	<edmx:DataServices>
		<Schema xmlns="http://docs.oasis-open.org/odata/ns/edm" Namespace="yza_c_owner_cds_van.v1">
			<Annotations Target="YZA_C_OWNER_CDS.I_DraftAdministrativeDataType/DraftUUID"><Annotation Term="UI.Hidden"/></Annotations>
			<Annotations Target="YZA_C_OWNER_CDS.I_DraftAdministrativeDataType/DraftEntityType"><Annotation Term="UI.Hidden"/></Annotations>
			<Annotations Target="YZA_C_OWNER_CDS.I_DraftAdministrativeDataType/DraftAccessType"><Annotation Term="UI.Hidden"/></Annotations>
			<Annotations Target="YZA_C_OWNER_CDS.I_DraftAdministrativeDataType/ProcessingStartDateTime"><Annotation Term="UI.Hidden"/></Annotations>
			<Annotations Target="YZA_C_OWNER_CDS.I_DraftAdministrativeDataType/DraftIsKeptByUser"><Annotation Term="UI.Hidden"/></Annotations>
			<Annotations Target="YZA_C_OWNER_CDS.I_DraftAdministrativeDataType/EnqueueStartDateTime"><Annotation Term="UI.Hidden"/></Annotations>
			<Annotations Target="YZA_C_OWNER_CDS.I_DraftAdministrativeDataType/DraftIsCreatedByMe"><Annotation Term="UI.Hidden"/></Annotations>
			<Annotations Target="YZA_C_OWNER_CDS.I_DraftAdministrativeDataType/DraftIsLastChangedByMe"><Annotation Term="UI.Hidden"/></Annotations>
			<Annotations Target="YZA_C_OWNER_CDS.I_DraftAdministrativeDataType/DraftIsProcessedByMe"><Annotation Term="UI.Hidden"/></Annotations>
			<Annotations Target="YZA_C_OWNER_CDS.I_DraftAdministrativeDataType/CreatedByUserDescription"><Annotation Term="UI.Hidden"/></Annotations>
			<Annotations Target="YZA_C_OWNER_CDS.I_DraftAdministrativeDataType/LastChangedByUserDescription"><Annotation Term="UI.Hidden"/></Annotations>
			<Annotations Target="YZA_C_OWNER_CDS.I_DraftAdministrativeDataType/InProcessByUserDescription"><Annotation Term="UI.Hidden"/></Annotations>
			<Annotations Target="YZA_C_OWNER_CDS.YZA_C_OWNERType">
				<Annotation Term="UI.Facets">
					<Collection>
						<Record Type="UI.ReferenceFacet"><PropertyValue Property="Label" String="Owner Information"/><PropertyValue Property="ID" String="Owner"/><PropertyValue Property="Target" AnnotationPath="@UI.Identification"/></Record>
						<Record Type="UI.ReferenceFacet"><PropertyValue Property="Label" String="Vehicle List"/><PropertyValue Property="ID" String="Vehicle"/><PropertyValue Property="Target" AnnotationPath="to_Vehicle/@UI.LineItem"/></Record>
					</Collection>
				</Annotation>
				<Annotation Term="UI.HeaderInfo">
					<Record><PropertyValue Property="TypeName" String="Owner"/><PropertyValue Property="TypeNamePlural" String="Owners"/><PropertyValue Property="TypeImageUrl" String="sap-icon://customer"/>
						<PropertyValue Property="Title">
							<Record Type="UI.DataField"><PropertyValue Property="Label" String="Vehicle Maintenance"/><PropertyValue Property="Value" Path="Customer"/></Record>
						</PropertyValue>
						<PropertyValue Property="Description">
							<Record Type="UI.DataField"><PropertyValue Property="Label" String="Vehicle Name"/><PropertyValue Property="Value" Path="CustomerName"/></Record>
						</PropertyValue>
					</Record>
				</Annotation>
				<Annotation Term="UI.Identification">
					<Collection>
						<Record Type="UI.DataField"><PropertyValue Property="Label" String="Owner Name"/><PropertyValue Property="Value" Path="CustomerName"/></Record>
						<Record Type="UI.DataField"><PropertyValue Property="Label" String="Owner"/><PropertyValue Property="Value" Path="Customer"/></Record>
						<Record Type="UI.DataField"><PropertyValue Property="Label" String="Country"/><PropertyValue Property="Value" Path="Country"/></Record>
						<Record Type="UI.DataField"><PropertyValue Property="Label" String="City"/><PropertyValue Property="Value" Path="CityName"/></Record>
						<Record Type="UI.DataField"><PropertyValue Property="Label" String="Postal"/><PropertyValue Property="Value" Path="PostalCode"/></Record>
						<Record Type="UI.DataField"><PropertyValue Property="Label" String="Street"/><PropertyValue Property="Value" Path="StreetName"/></Record>
						<Record Type="UI.DataField"><PropertyValue Property="Label" String="Region"/><PropertyValue Property="Value" Path="Region"/></Record>
					</Collection>
				</Annotation>
				<Annotation Term="UI.LineItem">
					<Collection>
						<Record Type="UI.DataField"><PropertyValue Property="Label" String="Owner"/><PropertyValue Property="Value" Path="Customer"/><Annotation Term="UI.Importance" EnumMember="UI.ImportanceType/High"/></Record>
						<Record Type="UI.DataField"><PropertyValue Property="Label" String="Owner Name"/><PropertyValue Property="Value" Path="CustomerName"/><Annotation Term="UI.Importance" EnumMember="UI.ImportanceType/High"/></Record>
						<Record Type="UI.DataField"><PropertyValue Property="Label" String="Country"/><PropertyValue Property="Value" Path="Country"/><Annotation Term="UI.Importance" EnumMember="UI.ImportanceType/High"/></Record>
						<Record Type="UI.DataField"><PropertyValue Property="Label" String="City"/><PropertyValue Property="Value" Path="CityName"/><Annotation Term="UI.Importance" EnumMember="UI.ImportanceType/High"/></Record>
						<Record Type="UI.DataField"><PropertyValue Property="Label" String="Postal"/><PropertyValue Property="Value" Path="PostalCode"/><Annotation Term="UI.Importance" EnumMember="UI.ImportanceType/High"/></Record>
						<Record Type="UI.DataField"><PropertyValue Property="Label" String="Street"/><PropertyValue Property="Value" Path="StreetName"/><Annotation Term="UI.Importance" EnumMember="UI.ImportanceType/High"/></Record>
						<Record Type="UI.DataField"><PropertyValue Property="Label" String="Region"/><PropertyValue Property="Value" Path="Region"/><Annotation Term="UI.Importance" EnumMember="UI.ImportanceType/High"/></Record>
					</Collection>
				</Annotation>
				<Annotation Term="UI.SelectionFields">
					<Collection>
						<PropertyPath>Customer</PropertyPath>
						<PropertyPath>CustomerName</PropertyPath>
						<PropertyPath>Country</PropertyPath>
						<PropertyPath>PostalCode</PropertyPath>
					</Collection>
				</Annotation>
			</Annotations>
			<Annotations Target="YZA_C_OWNER_CDS.YZA_C_VEHType/HasDraftEntity"><Annotation Term="UI.HiddenFilter"/><Annotation Term="UI.Hidden"/></Annotations>
			<Annotations Target="YZA_C_OWNER_CDS.YZA_C_VEHType/ActiveUUID"><Annotation Term="UI.HiddenFilter"/><Annotation Term="UI.Hidden"/></Annotations>
			<Annotations Target="YZA_C_OWNER_CDS.YZA_C_VEHType/DraftEntityCreationDateTime"><Annotation Term="UI.HiddenFilter"/><Annotation Term="UI.Hidden"/></Annotations>
			<Annotations Target="YZA_C_OWNER_CDS.YZA_C_VEHType/DraftEntityLastChangeDateTime"><Annotation Term="UI.HiddenFilter"/><Annotation Term="UI.Hidden"/></Annotations>
			<Annotations Target="YZA_C_OWNER_CDS.YZA_C_VEHType/HasActiveEntity"><Annotation Term="UI.HiddenFilter"/><Annotation Term="UI.Hidden"/></Annotations>
			<Annotations Target="YZA_C_OWNER_CDS.YZA_C_VEHType/IsActiveEntity"><Annotation Term="UI.HiddenFilter"/><Annotation Term="UI.Hidden"/></Annotations>
			<Annotations Target="YZA_C_OWNER_CDS.YZA_C_VEHType/Guid"><Annotation Term="UI.Hidden"/></Annotations>
			<Annotations Target="YZA_C_OWNER_CDS.YZA_C_VEHType/crea_date_time"><Annotation Term="UI.Hidden"/></Annotations>
			<Annotations Target="YZA_C_OWNER_CDS.YZA_C_VEHType/crea_uname"><Annotation Term="UI.Hidden"/></Annotations>
			<Annotations Target="YZA_C_OWNER_CDS.YZA_C_VEHType/lchg_date_time"><Annotation Term="UI.Hidden"/></Annotations>
			<Annotations Target="YZA_C_OWNER_CDS.YZA_C_VEHType/lchg_uname"><Annotation Term="UI.Hidden"/></Annotations>
			<Annotations Target="YZA_C_OWNER_CDS.YZA_C_VEHType/_VehTypeVh"><Annotation Term="UI.Hidden"/></Annotations>
			<Annotations Target="YZA_C_OWNER_CDS.YZA_C_VEHType/Activation_ac"><Annotation Term="UI.Hidden"/></Annotations>
			<Annotations Target="YZA_C_OWNER_CDS.YZA_C_VEHType/Edit_ac"><Annotation Term="UI.Hidden"/></Annotations>
			<Annotations Target="YZA_C_OWNER_CDS.YZA_C_VEHType/Preparation_ac"><Annotation Term="UI.Hidden"/></Annotations>
			<Annotations Target="YZA_C_OWNER_CDS.YZA_C_VEHType/Validation_ac"><Annotation Term="UI.Hidden"/></Annotations>
			<Annotations Target="YZA_C_OWNER_CDS.YZA_C_VEHType">
				<Annotation Term="UI.DataPoint" Qualifier="VehRating">
					<Record><PropertyValue Property="Value" Path="VehRating"/><PropertyValue Property="Title" String=""/><PropertyValue Property="Visualization" EnumMember="UI.VisualizationType/Rating"/></Record>
				</Annotation>
				<Annotation Term="UI.Facets">
					<Collection>
						<Record Type="UI.CollectionFacet"><PropertyValue Property="Label" String="Header data"/><PropertyValue Property="ID" String="Header"/>
							<PropertyValue Property="Facets">
								<Collection>
									<Record Type="UI.ReferenceFacet"><PropertyValue Property="Label" String="Vehicle Information"/><PropertyValue Property="ID" String="VehicleData"/><PropertyValue Property="Target" AnnotationPath="@UI.FieldGroup#VehicleData"/></Record>
									<Record Type="UI.ReferenceFacet"><PropertyValue Property="Label" String="Manufacturing Information"/><PropertyValue Property="ID" String="ManfData"/><PropertyValue Property="Target" AnnotationPath="@UI.FieldGroup#ManfData"/></Record>
									<Record Type="UI.ReferenceFacet"><PropertyValue Property="Label" String="Owner Information"/><PropertyValue Property="ID" String="OwnerInfo"/><PropertyValue Property="Target" AnnotationPath="@UI.FieldGroup#OwnerInfo"/></Record>
								</Collection>
							</PropertyValue>
						</Record>
					</Collection>
				</Annotation>
				<Annotation Term="UI.FieldGroup" Qualifier="ManfData">
					<Record>
						<PropertyValue Property="Data">
							<Collection>
								<Record Type="UI.DataField"><PropertyValue Property="Value" Path="ManufYear"/></Record>
								<Record Type="UI.DataField"><PropertyValue Property="Value" Path="Manufacturer"/></Record>
							</Collection>
						</PropertyValue>
					</Record>
				</Annotation>
				<Annotation Term="UI.FieldGroup" Qualifier="OwnerInfo">
					<Record>
						<PropertyValue Property="Data">
							<Collection>
								<Record Type="UI.DataField"><PropertyValue Property="Value" Path="Owner"/></Record>
								<Record Type="UI.DataField"><PropertyValue Property="Value" Path="VehicleNo"/></Record>
								<Record Type="UI.DataField"><PropertyValue Property="Value" Path="VehicleStatus"/></Record>
							</Collection>
						</PropertyValue>
					</Record>
				</Annotation>
				<Annotation Term="UI.FieldGroup" Qualifier="VehicleData">
					<Record>
						<PropertyValue Property="Data">
							<Collection>
								<Record Type="UI.DataField"><PropertyValue Property="Value" Path="VehicleName"/></Record>
								<Record Type="UI.DataField"><PropertyValue Property="Value" Path="VehicleType"/></Record>
								<Record Type="UI.DataField"><PropertyValue Property="Value" Path="FuleType"/></Record>
								<Record Type="UI.DataField"><PropertyValue Property="Value" Path="Color"/></Record>
								<Record Type="UI.DataField"><PropertyValue Property="Value" Path="CC"/></Record>
							</Collection>
						</PropertyValue>
					</Record>
				</Annotation>
				<Annotation Term="UI.HeaderInfo">
					<Record><PropertyValue Property="TypeName" String="Vehicle"/><PropertyValue Property="TypeNamePlural" String="Vehicles"/><PropertyValue Property="TypeImageUrl" String="sap-icon://car-rental"/>
						<PropertyValue Property="Title">
							<Record Type="UI.DataField"><PropertyValue Property="Label" String="Vehicle Maintenance"/><PropertyValue Property="Value" Path="VehicleId"/></Record>
						</PropertyValue>
						<PropertyValue Property="Description">
							<Record Type="UI.DataField"><PropertyValue Property="Label" String="Vehicle Name"/><PropertyValue Property="Value" Path="VehicleName"/></Record>
						</PropertyValue>
					</Record>
				</Annotation>
				<Annotation Term="UI.Identification">
					<Collection>
						<Record Type="UI.DataField"><PropertyValue Property="Label" String="Vehicle Name"/><PropertyValue Property="Value" Path="VehicleName"/></Record>
						<Record Type="UI.DataField"><PropertyValue Property="Label" String="Vehicle Type"/><PropertyValue Property="Value" Path="VehicleType"/></Record>
						<Record Type="UI.DataField"><PropertyValue Property="Label" String="Fule Type"/><PropertyValue Property="Value" Path="FuleType"/></Record>
						<Record Type="UI.DataField"><PropertyValue Property="Label" String="Color"/><PropertyValue Property="Value" Path="Color"/></Record>
						<Record Type="UI.DataField"><PropertyValue Property="Label" String="CC"/><PropertyValue Property="Value" Path="CC"/></Record>
						<Record Type="UI.DataField"><PropertyValue Property="Label" String="Mf.Year"/><PropertyValue Property="Value" Path="ManufYear"/></Record>
						<Record Type="UI.DataField"><PropertyValue Property="Label" String="Manufacturer"/><PropertyValue Property="Value" Path="Manufacturer"/></Record>
						<Record Type="UI.DataField"><PropertyValue Property="Label" String="Owner"/><PropertyValue Property="Value" Path="Owner"/></Record>
						<Record Type="UI.DataField"><PropertyValue Property="Label" String="Vehicle No"/><PropertyValue Property="Value" Path="VehicleNo"/></Record>
						<Record Type="UI.DataField"><PropertyValue Property="Label" String="Status"/><PropertyValue Property="Value" Path="VehicleStatus"/></Record>
					</Collection>
				</Annotation>
				<Annotation Term="UI.LineItem">
					<Collection>
						<Record Type="UI.DataField"><PropertyValue Property="Label" String="Vehicle Id"/><PropertyValue Property="Value" Path="VehicleId"/><Annotation Term="UI.Importance" EnumMember="UI.ImportanceType/High"/></Record>
						<Record Type="UI.DataField"><PropertyValue Property="Label" String="Vehicle Name"/><PropertyValue Property="Value" Path="VehicleName"/><Annotation Term="UI.Importance" EnumMember="UI.ImportanceType/High"/></Record>
						<Record Type="UI.DataField"><PropertyValue Property="Label" String="Vehicle Type"/><PropertyValue Property="Value" Path="VehicleType"/><Annotation Term="UI.Importance" EnumMember="UI.ImportanceType/High"/></Record>
						<Record Type="UI.DataField"><PropertyValue Property="Label" String="Fule Type"/><PropertyValue Property="Value" Path="FuleType"/><Annotation Term="UI.Importance" EnumMember="UI.ImportanceType/High"/></Record>
						<Record Type="UI.DataField"><PropertyValue Property="Label" String="Mf.Year"/><PropertyValue Property="Value" Path="ManufYear"/><Annotation Term="UI.Importance" EnumMember="UI.ImportanceType/High"/></Record>
						<Record Type="UI.DataFieldForAnnotation"><PropertyValue Property="Label" String="Rating"/><PropertyValue Property="Target" AnnotationPath="@UI.DataPoint#VehRating"/><Annotation Term="UI.Importance" EnumMember="UI.ImportanceType/High"/></Record>
						<Record Type="UI.DataField"><PropertyValue Property="Label" String="Status"/><PropertyValue Property="Value" Path="VehicleStatus"/><Annotation Term="UI.Importance" EnumMember="UI.ImportanceType/High"/></Record>
					</Collection>
				</Annotation>
				<Annotation Term="UI.SelectionFields">
					<Collection>
						<PropertyPath>VehicleType</PropertyPath>
						<PropertyPath>FuleType</PropertyPath>
						<PropertyPath>ManufYear</PropertyPath>
					</Collection>
				</Annotation>
			</Annotations>
		</Schema>
	</edmx:DataServices>
</edmx:Edmx>