<?xml version="1.0" encoding="utf-8"?>
<edmx:Edmx xmlns:edmx="http://docs.oasis-open.org/odata/ns/edmx" Version="4.0">
	<edmx:Reference Uri="/sap/bc/ui5_ui5/ui2/ushell/resources/sap/ushell/components/factsheet/vocabularies/UI.xml">
		<edmx:Include Alias="UI" Namespace="com.sap.vocabularies.UI.v1"/>
	</edmx:Reference>
	<edmx:Reference Uri="/sap/opu/odata/sap/YZA_C_VEHICLE_CDS/$metadata">
		<edmx:Include Alias="YZA_C_VEHICLE_CDS" Namespace="YZA_C_VEHICLE_CDS"/>
	</edmx:Reference>
	<edmx:Reference Uri="https://wiki.scn.sap.com/wiki/download/attachments/448470974/Common.xml?api=v2">
		<edmx:Include Alias="Common" Namespace="com.sap.vocabularies.Common.v1"/>
	</edmx:Reference>
	<edmx:DataServices>
		<Schema xmlns="http://docs.oasis-open.org/odata/ns/edm" Namespace="com.vehicleread.YZA_C_VEHICLE_CDS">
			<!--===============================================================================
                Entity Type from chosen collection 
                ================================================================================-->
			<Annotations Target="YZA_C_VEHICLE_CDS.YZA_C_VEHICLEType">
				<Annotation Term="UI.PresentationVariant">
					<Record Type="UI.PresentationVariantType">
						<PropertyValue Property="SortOrder">
							<Collection>
								<Record Type="Common.SortOrderType">
									<PropertyValue Property="Property" PropertyPath="vehid"/>
								</Record>
							</Collection>
						</PropertyValue>
					</Record>
				</Annotation>
				<Annotation Term="UI.HeaderInfo">
					<Record Type="UI.HeaderInfoType">
						<PropertyValue Property="TypeName" String="{@i18n&gt;VEHICLE}"/>
						<PropertyValue Property="TypeNamePlural" String="{@i18n&gt;VEHICLES}"/>
					</Record>
				</Annotation>
				<Annotation Term="UI.FieldGroup">
					<Record Type="UI.FieldGroupType">
						<PropertyValue Property="Label" String="{@i18n&gt;VEHICLE_INFO}"/>
						<PropertyValue Property="Data">
							<Collection>
								<Record Type="UI.DataField">
									<PropertyValue Property="Value" Path="vehtype"/>
								</Record>
								<Record Type="UI.DataField">
									<PropertyValue Property="Value" Path="color"/>
								</Record>
							</Collection>
						</PropertyValue>
					</Record>
				</Annotation>
				<Annotation Term="UI.LineItem">
					<Collection>
						<Record Type="UI.DataField">
							<PropertyValue Property="Value" Path="vehid"/>
							<PropertyValue Property="Label" String="{@i18n&gt;VEHICLE_ID}"/>
						</Record>
						<Record Type="UI.DataField">
							<PropertyValue Property="Value" Path="vehname"/>
							<PropertyValue Property="Label" String="{@i18n&gt;VEHICLE_NAME}"/>
						</Record>
					</Collection>
				</Annotation>
				<Annotation Term="UI.Facets">
					<Collection>
						<Record Type="UI.CollectionFacet">
							<PropertyValue Property="ID" String="GeneralInformation"/>
							<PropertyValue Property="Label" String="{@i18n&gt;@GeneralInfoFacetLabel}"/>
							<PropertyValue Property="Facets">
								<Collection>
									<Record Type="UI.ReferenceFacet">
										<PropertyValue Property="Target" AnnotationPath="@UI.FieldGroup"/>
									</Record>
								</Collection>
							</PropertyValue>
						</Record>
					</Collection>
				</Annotation>
			</Annotations>
		</Schema>
	</edmx:DataServices>
</edmx:Edmx>