<?xml version="1.0" encoding="utf-8"?>
<edmx:Edmx xmlns:edmx="http://docs.oasis-open.org/odata/ns/edmx" Version="4.0">
	<edmx:Reference Uri="/sap/bc/ui5_ui5/ui2/ushell/resources/sap/ushell/components/factsheet/vocabularies/UI.xml">
		<edmx:Include Alias="UI" Namespace="com.sap.vocabularies.UI.v1"/>
	</edmx:Reference>
	<edmx:Reference Uri="/sap/opu/odata/sap/YZA_C_VEH_CDS/$metadata">
		<edmx:Include Alias="YZA_C_VEH_CDS" Namespace="YZA_C_VEH_CDS"/>
	</edmx:Reference>
	<edmx:DataServices>
		<Schema xmlns="http://docs.oasis-open.org/odata/ns/edm" Namespace="com.vehicle.YZA_C_VEH_CDS">
			<!--===============================================================================
                Entity Type from chosen collection 
                ================================================================================-->
			<Annotations Target="YZA_C_VEH_CDS.YZA_C_VEHType">
				<Annotation Term="UI.Facets">
					<Collection>
						<Record Type="UI.CollectionFacet">
							<PropertyValue Property="ID" String="Vehicle"/>
							<PropertyValue Property="Label" String="{@i18n&gt;appTitle}"/>
							<PropertyValue Property="Facets">
								<Collection>
									<Record Type="UI.ReferenceFacet">
										<PropertyValue Property="Label" String="{@i18n&gt;VEHICLE_INFO}"/>
										<PropertyValue Property="Target" AnnotationPath="@UI.FieldGroup#VehicleData"/>
									</Record>
									<Record Type="UI.ReferenceFacet">
										<PropertyValue Property="Target" AnnotationPath="@UI.FieldGroup#ManfData"/>
										<PropertyValue Property="Label" String="{@i18n&gt;MANUFACTURING_INFO}"/>
									</Record>
									<Record Type="UI.ReferenceFacet">
										<PropertyValue Property="Target" AnnotationPath="@UI.FieldGroup#OwnerInfo"/>
										<PropertyValue Property="Label" String="{@i18n&gt;OWNER_INFO}"/>
									</Record>
								</Collection>
							</PropertyValue>
						</Record>
					</Collection>
				</Annotation>
			</Annotations>
			<Annotations Target="YZA_C_VEH_CDS.YZA_C_VEH_CDS_Entities/YZA_C_VEHSet_scrapped/reason">
				<Annotation Term="UI.ParameterDefaultValue" String="Old"/>
			</Annotations>
		</Schema>
	</edmx:DataServices>
</edmx:Edmx>