{
	"applications": {
		"VehicleType-display": {
			"additionalInformation": "SAPUI5.Component=com.vehicletype",
			"applicationType": "URL",
			"url": "../../VehicleType",
			"description": "Fiori application VehicleType. Can be navigated to by using the intent 'VehicleType-display'.",
			"title": "VehicleType"
		},
		"Vehicle-display": {
			"additionalInformation": "SAPUI5.Component=com.vehicle",
			"applicationType": "URL",
			"url": "../../Vehicle",
			"description": "Fiori application Vehicle. Can be navigated to by using the intent 'Vehicle-display'.",
			"title": "Vehicle"
		}
	}
}