<edmx:Edmx xmlns:edmx="http://schemas.microsoft.com/ado/2007/06/edmx"
	xmlns:m="http://schemas.microsoft.com/ado/2007/08/dataservices/metadata" xmlns:sap="http://www.sap.com/Protocols/SAPData" Version="1.0">
	<edmx:Reference xmlns:edmx="http://docs.oasis-open.org/odata/ns/edmx"
		Uri="https://ffs-sbx2.casa.intra.saaq.net:443/sap/opu/odata/IWFND/CATALOGSERVICE;v=2/Vocabularies(TechnicalName='%2FIWBEP%2FVOC_COMMON',Version='0001',SAP__Origin='S42CLNT100')/$value"><edmx:Include Namespace="com.sap.vocabularies.Common.v1" Alias="Common"/></edmx:Reference>
	<edmx:Reference xmlns:edmx="http://docs.oasis-open.org/odata/ns/edmx"
		Uri="https://ffs-sbx2.casa.intra.saaq.net:443/sap/opu/odata/IWFND/CATALOGSERVICE;v=2/Vocabularies(TechnicalName='%2FIWBEP%2FVOC_CAPABILITIES',Version='0001',SAP__Origin='S42CLNT100')/$value"><edmx:Include Namespace="Org.OData.Capabilities.V1" Alias="Capabilities"/></edmx:Reference>
	<edmx:Reference xmlns:edmx="http://docs.oasis-open.org/odata/ns/edmx"
		Uri="https://ffs-sbx2.casa.intra.saaq.net:443/sap/opu/odata/IWFND/CATALOGSERVICE;v=2/Vocabularies(TechnicalName='%2FIWBEP%2FVOC_COMMUNICATION',Version='0001',SAP__Origin='S42CLNT100')/$value"><edmx:Include Namespace="com.sap.vocabularies.Communication.v1" Alias="Communication"/></edmx:Reference>
	<edmx:Reference xmlns:edmx="http://docs.oasis-open.org/odata/ns/edmx"
		Uri="https://ffs-sbx2.casa.intra.saaq.net:443/sap/opu/odata/IWFND/CATALOGSERVICE;v=2/Vocabularies(TechnicalName='%2FIWBEP%2FVOC_AGGREGATION',Version='0001',SAP__Origin='S42CLNT100')/$value"><edmx:Include Namespace="Org.OData.Aggregation.V1" Alias="Aggregation"/></edmx:Reference>
	<edmx:Reference xmlns:edmx="http://docs.oasis-open.org/odata/ns/edmx"
		Uri="https://ffs-sbx2.casa.intra.saaq.net:443/sap/opu/odata/IWFND/CATALOGSERVICE;v=2/Vocabularies(TechnicalName='%2FIWBEP%2FVOC_PERSONALDATA',Version='0001',SAP__Origin='S42CLNT100')/$value"><edmx:Include Namespace="com.sap.vocabularies.PersonalData.v1" Alias="PersonalData"/></edmx:Reference>
	<edmx:DataServices m:DataServiceVersion="2.0">
		<Schema xmlns="http://schemas.microsoft.com/ado/2008/09/edm" Namespace="YZA_C_VEHICLE_CDS" xml:lang="en" sap:schema-version="1">
			<EntityType Name="YZA_C_VEHICLEType" sap:label="Vehicle List" sap:content-version="1">
				<Key><PropertyRef Name="guid"/></Key><Property Name="guid" Type="Edm.Guid" Nullable="false" sap:label="Node Key" sap:quickinfo="EPM: Generic Node Key" sap:creatable="false"
					sap:updatable="false"/><Property Name="vehid" Type="Edm.String" MaxLength="10" sap:display-format="UpperCase" sap:label=""
					sap:quickinfo="Character Field with Length 10" sap:creatable="false" sap:updatable="false"/><Property Name="vehname" Type="Edm.String" MaxLength="20" sap:display-format="UpperCase" sap:label="Char20" sap:quickinfo="Char 20"/><Property Name="vehno" Type="Edm.String" MaxLength="10" sap:display-format="UpperCase" sap:label=""
					sap:quickinfo="Character Field with Length 10"/><Property Name="owner" Type="Edm.String" MaxLength="10" sap:display-format="UpperCase" sap:label="Customer" sap:quickinfo="Customer Number"/><Property Name="color" Type="Edm.String" MaxLength="20" sap:label="Color"/><Property Name="cc" Type="Edm.Int32" sap:label="INT4" sap:quickinfo="4 Byte Signed Integer"/><Property Name="fuletype" Type="Edm.String" MaxLength="1" sap:display-format="UpperCase" sap:label="Fule type"/><Property Name="mfyear" Type="Edm.String" MaxLength="4" sap:display-format="NonNegative" sap:label="Fiscal Year"/><Property Name="mf" Type="Edm.String" MaxLength="10" sap:display-format="UpperCase" sap:label=""
					sap:quickinfo="Character Field with Length 10"/><Property Name="vehstatus" Type="Edm.String" MaxLength="1" sap:display-format="UpperCase" sap:label="" sap:quickinfo="Single-Character Flag"/><Property Name="vehtype" Type="Edm.String" MaxLength="2" sap:display-format="UpperCase" sap:label=""
					sap:quickinfo="Component of the Version Number"/></EntityType>
			<EntityContainer Name="YZA_C_VEHICLE_CDS_Entities" m:IsDefaultEntityContainer="true" sap:message-scope-supported="true"
				sap:supported-formats="atom json xlsx"><EntitySet Name="YZA_C_VEHICLE" EntityType="YZA_C_VEHICLE_CDS.YZA_C_VEHICLEType" sap:creatable="false" sap:updatable="false"
				sap:deletable="false" sap:content-version="1"/></EntityContainer>
			<Annotations xmlns="http://docs.oasis-open.org/odata/ns/edm" Target="YZA_C_VEHICLE_CDS.YZA_C_VEHICLE_CDS_Entities">
				<Annotation Term="Aggregation.ApplySupported">
					<Record>
						<PropertyValue Property="Transformations">
							<Collection>
								<String>aggregate</String>
								<String>groupby</String>
								<String>filter</String>
							</Collection>
						</PropertyValue><PropertyValue Property="Rollup" EnumMember="None"/></Record>
				</Annotation>
			</Annotations><atom:link xmlns:atom="http://www.w3.org/2005/Atom" rel="self"
				href="https://ffs-sbx2.casa.intra.saaq.net:443/sap/opu/odata/sap/YZA_C_VEHICLE_CDS/$metadata"/><atom:link xmlns:atom="http://www.w3.org/2005/Atom" rel="latest-version"
				href="https://ffs-sbx2.casa.intra.saaq.net:443/sap/opu/odata/sap/YZA_C_VEHICLE_CDS/$metadata"/></Schema>
	</edmx:DataServices>
</edmx:Edmx>