<edmx:Edmx xmlns:edmx="http://docs.oasis-open.org/odata/ns/edmx" Version="4.0">
	<edmx:Reference
		Uri="../../catalogservice;v=2/Vocabularies(TechnicalName='%2FIWBEP%2FVOC_COMMON',Version='0001',SAP__Origin='S42CLNT100')/$value"><edmx:Include Namespace="com.sap.vocabularies.Common.v1" Alias="Common"/></edmx:Reference>
	<edmx:Reference
		Uri="../../catalogservice;v=2/Vocabularies(TechnicalName='%2FIWBEP%2FVOC_UI',Version='0001',SAP__Origin='S42CLNT100')/$value"><edmx:Include Namespace="com.sap.vocabularies.UI.v1" Alias="UI"/></edmx:Reference>
	<edmx:Reference
		Uri="../../catalogservice;v=2/Vocabularies(TechnicalName='%2FIWBEP%2FVOC_COMMUNICATION',Version='0001',SAP__Origin='S42CLNT100')/$value"><edmx:Include Namespace="com.sap.vocabularies.Communication.v1" Alias="Communication"/></edmx:Reference>
	<edmx:Reference Uri="../../../sap/yza_c_vehicle_cds/$metadata"><edmx:Include Namespace="YZA_C_VEHICLE_CDS" Alias="SAP"/></edmx:Reference>
	<edmx:DataServices><Schema xmlns="http://docs.oasis-open.org/odata/ns/edm"/></edmx:DataServices>
</edmx:Edmx>