<edmx:Edmx xmlns:edmx="http://schemas.microsoft.com/ado/2007/06/edmx"
	xmlns:m="http://schemas.microsoft.com/ado/2007/08/dataservices/metadata" xmlns:sap="http://www.sap.com/Protocols/SAPData" Version="1.0">
	<edmx:Reference xmlns:edmx="http://docs.oasis-open.org/odata/ns/edmx"
		Uri="https://ffs-sbx2.casa.intra.saaq.net:443/sap/opu/odata/IWFND/CATALOGSERVICE;v=2/Vocabularies(TechnicalName='%2FIWBEP%2FVOC_COMMON',Version='0001',SAP__Origin='S42CLNT100')/$value"><edmx:Include Namespace="com.sap.vocabularies.Common.v1" Alias="Common"/></edmx:Reference>
	<edmx:DataServices m:DataServiceVersion="2.0">
		<Schema xmlns="http://schemas.microsoft.com/ado/2008/09/edm" Namespace="YZA_C_AQ_VEH_CDS" xml:lang="en" sap:schema-version="1">
			<EntityType Name="YZA_C_AQ_VEHType" sap:label="Vehicle Analytic query" sap:semantics="aggregate" sap:content-version="1">
				<Key><PropertyRef Name="ID"/></Key><Property Name="ID" Type="Edm.String" Nullable="false" sap:filterable="false" sap:updatable="false" sap:sortable="false"/><Property Name="TotaledProperties" Type="Edm.String" sap:aggregation-role="totaled-properties-list" sap:is-annotation="true"
					sap:updatable="false" sap:sortable="false"/><Property Name="Owner" Type="Edm.String" MaxLength="10" sap:aggregation-role="dimension" sap:creatable="false" sap:text="Owner_T"
					sap:updatable="false" sap:label="Owner" sap:value-list="standard"/><Property Name="Owner_T" Type="Edm.String" MaxLength="1333" sap:creatable="false" sap:filterable="false" sap:updatable="false"
					sap:label="Owner (Description)"/><Property Name="Color" Type="Edm.String" MaxLength="20" sap:aggregation-role="dimension" sap:creatable="false" sap:updatable="false"
					sap:label="Color"/><Property Name="FuleType" Type="Edm.String" MaxLength="1" sap:aggregation-role="dimension" sap:creatable="false" sap:updatable="false"
					sap:label="Fule Type" sap:value-list="standard"/><Property Name="Manufacturer" Type="Edm.String" MaxLength="10" sap:aggregation-role="dimension" sap:creatable="false" sap:updatable="false"
					sap:label="Manufacturer"/><Property Name="ManufYear" Type="Edm.String" MaxLength="4" sap:aggregation-role="dimension" sap:creatable="false" sap:updatable="false"
					sap:label="Manuf. Year"/><Property Name="VehicleId" Type="Edm.String" MaxLength="10" sap:aggregation-role="dimension" sap:creatable="false" sap:updatable="false"
					sap:label="Id"/><Property Name="VehicleName" Type="Edm.String" MaxLength="20" sap:aggregation-role="dimension" sap:creatable="false" sap:updatable="false"
					sap:label="Name"/><Property Name="VehicleNo" Type="Edm.String" MaxLength="10" sap:aggregation-role="dimension" sap:creatable="false" sap:updatable="false"
					sap:label="No"/><Property Name="VehicleStatus" Type="Edm.String" MaxLength="1" sap:aggregation-role="dimension" sap:creatable="false" sap:updatable="false"
					sap:label="Status"/><Property Name="VehicleType" Type="Edm.String" MaxLength="2" sap:aggregation-role="dimension" sap:creatable="false" sap:updatable="false"
					sap:label="Type"/><Property Name="VehRating" Type="Edm.String" MaxLength="11" sap:aggregation-role="dimension" sap:creatable="false" sap:updatable="false"
					sap:label="VEHRATING"/><Property Name="TotalVehicle" Type="Edm.Decimal" Precision="42" Scale="0" sap:aggregation-role="measure" sap:creatable="false"
					sap:filterable="false" sap:text="TotalVehicle_F" sap:updatable="false" sap:label="Total Vehicle"/><Property Name="TotalVehicle_F" Type="Edm.String" MaxLength="60" sap:creatable="false" sap:filterable="false" sap:updatable="false"
					sap:label="Total Vehicle (Formatted)"/></EntityType>
			<EntityType Name="Owner" sap:label="Owner (Master Data)" sap:value-list="true" sap:content-version="1">
				<Key><PropertyRef Name="Owner_ID"/></Key><Property Name="Owner_ID" Type="Edm.String" Nullable="false" MaxLength="10" sap:text="OwnerText" sap:label="Owner" sap:creatable="false"
					sap:updatable="false" sap:sortable="false"/><Property Name="OwnerText" Type="Edm.String" sap:label="Owner (Description)" sap:creatable="false" sap:updatable="false"
					sap:sortable="false"/></EntityType>
			<EntityType Name="FuleType" sap:label="Fule Type (Master Data)" sap:value-list="true" sap:content-version="1">
				<Key><PropertyRef Name="FuleType_ID"/></Key><Property Name="FuleType_ID" Type="Edm.String" Nullable="false" MaxLength="1" sap:text="FuleTypeText" sap:label="Fule Type"
					sap:creatable="false" sap:updatable="false" sap:sortable="false"/><Property Name="FuleTypeText" Type="Edm.String" sap:label="Fule Type (Description)" sap:creatable="false" sap:updatable="false"
					sap:sortable="false"/></EntityType>
			<EntityType Name="ODataQueryAdditionalMetadata" sap:content-version="1">
				<Key><PropertyRef Name="ODataQueryMetadata"/></Key><Property Name="ODataQueryMetadata" Type="Edm.String" Nullable="false" sap:creatable="false" sap:updatable="false" sap:sortable="false"
					sap:filterable="false"/><Property Name="ODataQueryMetadataValue_Current" Type="Edm.String" sap:creatable="false" sap:updatable="false" sap:sortable="false"
					sap:filterable="false"/><Property Name="ODataQueryMetadataValueAtDefine" Type="Edm.String" sap:creatable="false" sap:updatable="false" sap:sortable="false"
					sap:filterable="false"/></EntityType>
			<EntityContainer Name="YZA_C_AQ_VEH_CDS_Entities" m:IsDefaultEntityContainer="true" sap:supported-formats="atom json xlsx"><EntitySet Name="YZA_C_AQ_VEH" EntityType="YZA_C_AQ_VEH_CDS.YZA_C_AQ_VEHType" sap:creatable="false" sap:updatable="false"
				sap:deletable="false" sap:content-version="1"/><EntitySet Name="Owner" EntityType="YZA_C_AQ_VEH_CDS.Owner" sap:creatable="false" sap:updatable="false" sap:deletable="false"
				sap:content-version="1"/><EntitySet Name="FuleType" EntityType="YZA_C_AQ_VEH_CDS.FuleType" sap:creatable="false" sap:updatable="false" sap:deletable="false"
				sap:content-version="1"/><EntitySet Name="AdditionalMetadata" EntityType="YZA_C_AQ_VEH_CDS.ODataQueryAdditionalMetadata" sap:creatable="false" sap:updatable="false"
				sap:deletable="false" sap:content-version="1"/></EntityContainer>
			<Annotations xmlns="http://docs.oasis-open.org/odata/ns/edm" Target="YZA_C_AQ_VEH_CDS.YZA_C_AQ_VEHType/Owner">
				<Annotation Term="Common.ValueList" Qualifier="MasterData">
					<Record><PropertyValue Property="Label" String="Owner ( Master Data )"/><PropertyValue Property="CollectionPath" String="Owner"/><PropertyValue Property="SearchSupported" Bool="false"/>
						<PropertyValue Property="Parameters">
							<Collection>
								<Record Type="Common.ValueListParameterInOut"><PropertyValue Property="LocalDataProperty" PropertyPath="Owner"/><PropertyValue Property="ValueListProperty" String="Owner_ID"/></Record>
								<Record Type="Common.ValueListParameterDisplayOnly"><PropertyValue Property="ValueListProperty" String="OwnerText"/></Record>
							</Collection>
						</PropertyValue>
					</Record>
				</Annotation>
			</Annotations>
			<Annotations xmlns="http://docs.oasis-open.org/odata/ns/edm" Target="YZA_C_AQ_VEH_CDS.YZA_C_AQ_VEHType/FuleType">
				<Annotation Term="Common.ValueList" Qualifier="MasterData">
					<Record><PropertyValue Property="Label" String="Fule Type ( Master Data )"/><PropertyValue Property="CollectionPath" String="FuleType"/><PropertyValue Property="SearchSupported" Bool="false"/>
						<PropertyValue Property="Parameters">
							<Collection>
								<Record Type="Common.ValueListParameterInOut"><PropertyValue Property="LocalDataProperty" PropertyPath="FuleType"/><PropertyValue Property="ValueListProperty" String="FuleType_ID"/></Record>
							</Collection>
						</PropertyValue>
					</Record>
				</Annotation>
			</Annotations><atom:link xmlns:atom="http://www.w3.org/2005/Atom" rel="self"
				href="https://ffs-sbx2.casa.intra.saaq.net:443/sap/opu/odata/sap/YZA_C_AQ_VEH_CDS/$metadata"/><atom:link xmlns:atom="http://www.w3.org/2005/Atom" rel="latest-version"
				href="https://ffs-sbx2.casa.intra.saaq.net:443/sap/opu/odata/sap/YZA_C_AQ_VEH_CDS/$metadata"/></Schema>
	</edmx:DataServices>
</edmx:Edmx>