<edmx:Edmx xmlns:edmx="http://docs.oasis-open.org/odata/ns/edmx" Version="4.0">
	<edmx:Reference
		Uri="../../catalogservice;v=2/Vocabularies(TechnicalName='%2FIWBEP%2FVOC_COMMON',Version='0001',SAP__Origin='S42CLNT100')/$value"><edmx:Include Namespace="com.sap.vocabularies.Common.v1" Alias="Common"/></edmx:Reference>
	<edmx:Reference
		Uri="../../catalogservice;v=2/Vocabularies(TechnicalName='%2FIWBEP%2FVOC_UI',Version='0001',SAP__Origin='S42CLNT100')/$value"><edmx:Include Namespace="com.sap.vocabularies.UI.v1" Alias="UI"/></edmx:Reference>
	<edmx:Reference
		Uri="../../catalogservice;v=2/Vocabularies(TechnicalName='%2FIWBEP%2FVOC_COMMUNICATION',Version='0001',SAP__Origin='S42CLNT100')/$value"><edmx:Include Namespace="com.sap.vocabularies.Communication.v1" Alias="Communication"/></edmx:Reference>
	<edmx:Reference Uri="../../../sap/yza_c_aq_veh_cds/$metadata"><edmx:Include Namespace="YZA_C_AQ_VEH_CDS" Alias="SAP"/></edmx:Reference>
	<edmx:DataServices>
		<Schema xmlns="http://docs.oasis-open.org/odata/ns/edm" Namespace="yza_c_aq_veh_cds_van.v1">
			<Annotations Target="YZA_C_AQ_VEH_CDS.YZA_C_AQ_VEHType/TotaledProperties"><Annotation Term="UI.Hidden"/></Annotations>
			<Annotations Target="YZA_C_AQ_VEH_CDS.YZA_C_AQ_VEHType">
				<Annotation Term="UI.Chart" Qualifier="ChartDefault">
					<Record Type="UI.ChartDefinitionType"><PropertyValue Property="ChartType" EnumMember="UI.ChartType/Column"/>
						<PropertyValue Property="Dimensions">
							<Collection>
								<PropertyPath>ManufYear</PropertyPath>
								<PropertyPath>VehicleType</PropertyPath>
							</Collection>
						</PropertyValue>
						<PropertyValue Property="DimensionAttributes">
							<Collection>
								<Record Type="UI.ChartDimensionAttributeType"><PropertyValue Property="Dimension" PropertyPath="VehicleType"/><PropertyValue Property="Role" EnumMember="UI.ChartDimensionRoleType/Category"/></Record>
								<Record Type="UI.ChartDimensionAttributeType"><PropertyValue Property="Dimension" PropertyPath="ManufYear"/><PropertyValue Property="Role" EnumMember="UI.ChartDimensionRoleType/Series"/></Record>
							</Collection>
						</PropertyValue>
						<PropertyValue Property="Measures">
							<Collection>
								<PropertyPath>TotalVehicle</PropertyPath>
							</Collection>
						</PropertyValue>
						<PropertyValue Property="MeasureAttributes">
							<Collection>
								<Record Type="UI.ChartMeasureAttributeType"><PropertyValue Property="Measure" PropertyPath="TotalVehicle"/><PropertyValue Property="Role" EnumMember="UI.ChartMeasureRoleType/Axis1"/></Record>
							</Collection>
						</PropertyValue>
					</Record>
				</Annotation>
				<Annotation Term="UI.Chart" Qualifier="ChartVehicleByYear">
					<Record Type="UI.ChartDefinitionType"><PropertyValue Property="ChartType" EnumMember="UI.ChartType/Donut"/>
						<PropertyValue Property="Dimensions">
							<Collection>
								<PropertyPath>ManufYear</PropertyPath>
							</Collection>
						</PropertyValue>
						<PropertyValue Property="DimensionAttributes">
							<Collection>
								<Record Type="UI.ChartDimensionAttributeType"><PropertyValue Property="Dimension" PropertyPath="ManufYear"/><PropertyValue Property="Role" EnumMember="UI.ChartDimensionRoleType/Category"/></Record>
							</Collection>
						</PropertyValue>
						<PropertyValue Property="Measures">
							<Collection>
								<PropertyPath>TotalVehicle</PropertyPath>
							</Collection>
						</PropertyValue>
						<PropertyValue Property="MeasureAttributes">
							<Collection>
								<Record Type="UI.ChartMeasureAttributeType"><PropertyValue Property="Measure" PropertyPath="TotalVehicle"/><PropertyValue Property="Role" EnumMember="UI.ChartMeasureRoleType/Axis1"/></Record>
							</Collection>
						</PropertyValue>
					</Record>
				</Annotation>
				<Annotation Term="UI.Chart" Qualifier="ChartVehicleByType">
					<Record Type="UI.ChartDefinitionType"><PropertyValue Property="ChartType" EnumMember="UI.ChartType/Column"/>
						<PropertyValue Property="Dimensions">
							<Collection>
								<PropertyPath>VehicleType</PropertyPath>
							</Collection>
						</PropertyValue>
						<PropertyValue Property="DimensionAttributes">
							<Collection>
								<Record Type="UI.ChartDimensionAttributeType"><PropertyValue Property="Dimension" PropertyPath="VehicleType"/><PropertyValue Property="Role" EnumMember="UI.ChartDimensionRoleType/Category"/></Record>
							</Collection>
						</PropertyValue>
						<PropertyValue Property="Measures">
							<Collection>
								<PropertyPath>TotalVehicle</PropertyPath>
							</Collection>
						</PropertyValue>
						<PropertyValue Property="MeasureAttributes">
							<Collection>
								<Record Type="UI.ChartMeasureAttributeType"><PropertyValue Property="Measure" PropertyPath="TotalVehicle"/><PropertyValue Property="Role" EnumMember="UI.ChartMeasureRoleType/Axis1"/></Record>
							</Collection>
						</PropertyValue>
					</Record>
				</Annotation>
				<Annotation Term="UI.DataPoint" Qualifier="VehRating">
					<Record><PropertyValue Property="Value" Path="VehRating"/><PropertyValue Property="Title" String=""/><PropertyValue Property="Visualization" EnumMember="UI.VisualizationType/Rating"/></Record>
				</Annotation>
				<Annotation Term="UI.FieldGroup" Qualifier="ManfData">
					<Record>
						<PropertyValue Property="Data">
							<Collection>
								<Record Type="UI.DataField"><PropertyValue Property="Value" Path="ManufYear"/></Record>
								<Record Type="UI.DataField"><PropertyValue Property="Value" Path="Manufacturer"/></Record>
							</Collection>
						</PropertyValue>
					</Record>
				</Annotation>
				<Annotation Term="UI.FieldGroup" Qualifier="OwnerInfo">
					<Record>
						<PropertyValue Property="Data">
							<Collection>
								<Record Type="UI.DataField"><PropertyValue Property="Value" Path="Owner"/></Record>
								<Record Type="UI.DataField"><PropertyValue Property="Value" Path="VehicleNo"/></Record>
								<Record Type="UI.DataField"><PropertyValue Property="Value" Path="VehicleStatus"/></Record>
							</Collection>
						</PropertyValue>
					</Record>
				</Annotation>
				<Annotation Term="UI.FieldGroup" Qualifier="VehicleData">
					<Record>
						<PropertyValue Property="Data">
							<Collection>
								<Record Type="UI.DataField"><PropertyValue Property="Value" Path="VehicleName"/></Record>
								<Record Type="UI.DataField"><PropertyValue Property="Value" Path="VehicleType"/></Record>
								<Record Type="UI.DataField"><PropertyValue Property="Value" Path="FuleType"/></Record>
								<Record Type="UI.DataField"><PropertyValue Property="Value" Path="Color"/></Record>
							</Collection>
						</PropertyValue>
					</Record>
				</Annotation>
				<Annotation Term="UI.Identification">
					<Collection>
						<Record Type="UI.DataField"><PropertyValue Property="Label" String="Vehicle Name"/><PropertyValue Property="Value" Path="VehicleName"/></Record>
						<Record Type="UI.DataField"><PropertyValue Property="Label" String="Vehicle Type"/><PropertyValue Property="Value" Path="VehicleType"/></Record>
						<Record Type="UI.DataField"><PropertyValue Property="Label" String="Fule Type"/><PropertyValue Property="Value" Path="FuleType"/></Record>
						<Record Type="UI.DataField"><PropertyValue Property="Label" String="Color"/><PropertyValue Property="Value" Path="Color"/></Record>
						<Record Type="UI.DataField"><PropertyValue Property="Label" String="Mf.Year"/><PropertyValue Property="Value" Path="ManufYear"/></Record>
						<Record Type="UI.DataField"><PropertyValue Property="Label" String="Manufacturer"/><PropertyValue Property="Value" Path="Manufacturer"/></Record>
						<Record Type="UI.DataField"><PropertyValue Property="Label" String="Owner"/><PropertyValue Property="Value" Path="Owner"/></Record>
						<Record Type="UI.DataField"><PropertyValue Property="Label" String="Vehicle No"/><PropertyValue Property="Value" Path="VehicleNo"/></Record>
						<Record Type="UI.DataField"><PropertyValue Property="Label" String="Status"/><PropertyValue Property="Value" Path="VehicleStatus"/></Record>
					</Collection>
				</Annotation>
				<Annotation Term="UI.LineItem">
					<Collection>
						<Record Type="UI.DataFieldForAction"><PropertyValue Property="Label" String="Set Scrapped"/>
							<PropertyValue Property="Action" String="">
								<Annotation Term="Core.Messages">
									<Collection>
										<Record><PropertyValue Property="message" String="ERROR: Mandatory Value for Action not found"/><PropertyValue Property="severity" String="error"/></Record>
									</Collection>
								</Annotation>
							</PropertyValue><PropertyValue Property="InvocationGrouping" EnumMember="UI.OperationGroupingType/Isolated"/><Annotation Term="UI.Importance" EnumMember="UI.ImportanceType/High"/></Record>
						<Record Type="UI.DataField"><PropertyValue Property="Label" String="Vehicle Type"/><PropertyValue Property="Value" Path="VehicleType"/><Annotation Term="UI.Importance" EnumMember="UI.ImportanceType/High"/></Record>
						<Record Type="UI.DataField"><PropertyValue Property="Label" String="Vehicle Id"/><PropertyValue Property="Value" Path="VehicleId"/><Annotation Term="UI.Importance" EnumMember="UI.ImportanceType/High"/></Record>
						<Record Type="UI.DataField"><PropertyValue Property="Label" String="Total Vehicle"/><PropertyValue Property="Value" Path="TotalVehicle"/><Annotation Term="UI.Importance" EnumMember="UI.ImportanceType/High"/></Record>
						<Record Type="UI.DataField"><PropertyValue Property="Label" String="Vehicle Name"/><PropertyValue Property="Value" Path="VehicleName"/><Annotation Term="UI.Importance" EnumMember="UI.ImportanceType/High"/></Record>
						<Record Type="UI.DataField"><PropertyValue Property="Label" String="Fule Type"/><PropertyValue Property="Value" Path="FuleType"/><Annotation Term="UI.Importance" EnumMember="UI.ImportanceType/High"/></Record>
						<Record Type="UI.DataField"><PropertyValue Property="Label" String="Mf.Year"/><PropertyValue Property="Value" Path="ManufYear"/><Annotation Term="UI.Importance" EnumMember="UI.ImportanceType/High"/></Record>
						<Record Type="UI.DataFieldForAnnotation"><PropertyValue Property="Label" String="Rating"/><PropertyValue Property="Target" AnnotationPath="@UI.DataPoint#VehRating"/><Annotation Term="UI.Importance" EnumMember="UI.ImportanceType/High"/></Record>
						<Record Type="UI.DataField"><PropertyValue Property="Label" String="Status"/><PropertyValue Property="Value" Path="VehicleStatus"/><Annotation Term="UI.Importance" EnumMember="UI.ImportanceType/High"/></Record>
					</Collection>
				</Annotation>
				<Annotation Term="UI.PresentationVariant" Qualifier="Default">
					<Record>
						<PropertyValue Property="Visualizations">
							<Collection>
								<AnnotationPath>@UI.Chart#ChartDefault</AnnotationPath>
							</Collection>
						</PropertyValue>
					</Record>
				</Annotation>
				<Annotation Term="UI.PresentationVariant" Qualifier="FilterVehicleByYear">
					<Record><PropertyValue Property="Text" String="Filter: Vehicle by Year"/>
						<PropertyValue Property="Visualizations">
							<Collection>
								<AnnotationPath>@UI.Chart#ChartVehicleByYear</AnnotationPath>
							</Collection>
						</PropertyValue>
					</Record>
				</Annotation>
				<Annotation Term="UI.PresentationVariant" Qualifier="KPIVehicleByType">
					<Record><PropertyValue Property="Text" String="KPI: VehicleByType"/>
						<PropertyValue Property="Visualizations">
							<Collection>
								<AnnotationPath>@UI.DataPoint#VehicleByType</AnnotationPath>
								<AnnotationPath>@UI.Chart#ChartVehicleByType</AnnotationPath>
							</Collection>
						</PropertyValue>
					</Record>
				</Annotation>
				<Annotation Term="UI.SelectionFields">
					<Collection>
						<PropertyPath>VehicleType</PropertyPath>
						<PropertyPath>ManufYear</PropertyPath>
						<PropertyPath>FuleType</PropertyPath>
					</Collection>
				</Annotation>
				<Annotation Term="UI.SelectionPresentationVariant" Qualifier="Default">
					<Record><PropertyValue Property="Text" String=""/><PropertyValue Property="SelectionVariant" Path="@UI.SelectionVariant#Default"/><PropertyValue Property="PresentationVariant" Path="@UI.PresentationVariant#Default"/></Record>
				</Annotation>
				<Annotation Term="UI.SelectionPresentationVariant" Qualifier="KPIVehicleByType">
					<Record><PropertyValue Property="Text" String=""/><PropertyValue Property="SelectionVariant" Path="@UI.SelectionVariant#KPIVehicleByType"/><PropertyValue Property="PresentationVariant" Path="@UI.PresentationVariant#KPIVehicleByType"/></Record>
				</Annotation>
				<Annotation Term="UI.SelectionVariant" Qualifier="Default">
					<Record><PropertyValue Property="Text" String="Default"/></Record>
				</Annotation>
				<Annotation Term="UI.SelectionVariant" Qualifier="KPIVehicleByType">
					<Record><PropertyValue Property="Text" String="Default"/></Record>
				</Annotation>
			</Annotations>
		</Schema>
	</edmx:DataServices>
</edmx:Edmx>